Sl No,ASIN,Product Title,Category
Source,AMZ - Inv report,AMZ - Inv report,Category
1,B00B4BBF94,Havells Nicola 1200mm Ceiling Fan (Gold Mist and Copper),HAVELLS FAN
,B00J1YQWC6,Havells 6A Four-Way Extension Board (White) -1.5 metre Heavy duty wire,HAVELLS EWA
,B071DQ3TS5,Havells Pathfinder 30 3-Watt Rechargeable LED Torch (Yellow),CONSUMER LIGHTING
,B01LWUEDJI,Havells Prolife Digi 1230-Watt Air Fryer (Black),HAVELLS SDA
,B01L56DSKG,Havells Ranger 10 1-Watt Rechargeable LED Torch (Black),CONSUMER LIGHTING
,B07LDN9Q2P,Havells D'zire 1000-Watt Dry Iron (Mint),HAVELLS SDA
,B00B4BBDNW,Havells Leganza 1200mm Ceiling Fan (Bronze and Gold),HAVELLS FAN
,B07TK4BD54,Havells Insta Cook RT 1400 watts Induction Cooktop,HAVELLS SDA
,B00NLBJRGS,Havells Lifeline Cable WHFFDNKA11X5 1.50 sq mm Wire (Black),HAVELLS WIRE
,B08GM68XW4,Havells Carlo 3 Litre Instant Water Heater (White Blue),HAVELLS WATER HEATER
,B00KIDSTTI,Havells Ventil Air DX 22-Watt 150mm Exhaust Fan (White),HAVELLS FAN
,B083GKDRKR,"Havells Aqua Plus 1.2 litre Kettle/Tea Kettle/Coffee Maker/Milk Boiler/Water Boiler/ 304 Stainless Steel (Black, 1500 Watt)",HAVELLS SDA
,B00B4BC5MU,Havells Swing 400mm Pedestal Fan (White),HAVELLS FAN
,B00B4BCAHK,Havells Swing Platina 400mm Wall Fan (White),HAVELLS FAN
,B07MHJ2YNP,Havells Fabio 1250-Watt Steam Iron (Blue),HAVELLS SDA
,B00NLBK3BG,Havells Lifeline Cable WHFFDNRA14X0 4 sq mm Wire (Red),HAVELLS WIRE
,B06WRT58X5,Havells Maxx Grind 750 Watt Mixer Grinder with 3 Stainless Steel Jar and Overload indicator (Blue),HAVELLS SDA
,B0787C2PNG,Havells ASPRO 500 Watt Mixer Grinder with 3 Stainless Steel Jar (White & Light Blue) with 5 year motor warranty,HAVELLS SDA
,B00NLF14CO,Havells Era 1000-Watt Dry Iron (Grey/White),HAVELLS SDA
,B079ZX9XR7,Havells Stealth 1250mm Ceiling Fan (Indigo Blue),HAVELLS FAN
,B00B4BCAVG,Havells Swing 400mm Wall Fan (Off White),HAVELLS FAN
,B077TQNC4D,Havells Beemer 50 5-Watt LED Torch (Green),CONSUMER LIGHTING
,B072MFH5ZB,Havells Glanz 1.5-Watt Rechargeable Solar Light (Red),CONSUMER LIGHTING
,B0152VU0NS,Havells Monza EC 25-Litre Storage Water Heater with Flexi Pipe (White),HAVELLS WATER HEATER
,B00J5DYEIW,Havells Quatro 25-Litre Storage Water Heater (Ivory Red),HAVELLS WATER HEATER
,B01K7OIAVY,"Havells Sprint Mixer Grinder, 500W, 3 Jars (Grey/ Green)",HAVELLS SDA
,B00B4BB9R2,Havells Festiva 1200mm Ceiling Fan (Ocean Blue),HAVELLS FAN
,B073S5TMH6,Havells Sameera 400mm Fan (White),HAVELLS FAN
,B00J5DYCUM,Havells Ventilair DSP 300mm Sweep Area Exhaust Fan 220-240 Volts (Pista Green),HAVELLS FAN
,B0152VTSLI,Havells Monza EC 10 10-Litre Storage Water Heater with Flexi Pipe (Ivory),HAVELLS WATER HEATER
,B00B4BBEKE,Havells Nicola 1200mm 72-Watt Ceiling Fan (Bronze Copper),HAVELLS FAN
,B073S5TMM1,Havells Nicola 600mm Fan (Bronze Copper),HAVELLS FAN
,B00B4BC84U,Havells Ventilair 150mm Exhaust Fan with Round Head (White),HAVELLS FAN
,B078JDNZJ8,Havells Instanio 3-Litre Instant Geyser (White/Blue),HAVELLS WATER HEATER
,B01LYU3BZF,Havells Ambrose 1200mm Ceiling Fan (Gold Mist Wood),HAVELLS FAN
,B00J5ENA7C,Havells Swing FHWSWSTIVR12300mm Wall Fan (Off White),HAVELLS FAN
,B00B4BBA4Y,Havells Festiva 1200mm Ceiling Fan (Pearl White and Silver),HAVELLS FAN
,B07BH47TFJ,Havells DHMGBSPF016 PVC Plastic 16A MCB SP B Curve (White),HAVELLS BCP
,B00B4BBXJG,Havells 1200 mm Fan SS-390 68-Watt Mettalic Ceiling Fan(Pearl white silver),HAVELLS FAN
,B07TL45M93,Havells Active Plus UV Water Purifier,WATER PURIFIERS
,B00KIDSUK6,Havells FHVVEDXOWH10 Ventil Air Dx 35-Watt 250mm Fan (Off White),HAVELLS FAN
,B0152VTV92,Havells Monza EC 15-Litre Storage Water Heater with Flexi Pipe (White),HAVELLS WATER HEATER
,B00B4BBI9G,Havells Pacer 1200mm Ceiling Fan (Brown),HAVELLS FAN
,B00B4BBGN4,Havells Orion 1200mm Ceiling Fan (Antique Brass),HAVELLS FAN
,B00BYRIPDC,Havells Jio 1000-Watt Dry Iron (Blue),HAVELLS SDA
,B06XB6GT3J,Havells Citrus Press 0.5L Juicer,HAVELLS SDA
,B00B4BBDU0,Havells Leganza 1200mm Ceiling Fan (Off-white and Silver),HAVELLS FAN
,B08JZ25QLD,Havells Capture 1.2 Litre Multi Cook Kettle with Steamer 650 Watt (Green),HAVELLS SDA
,B08B55S3WM,"Havells Digitouch Alkaline 100% RO+UV, 6 Litre Water Purifier (Champagne & Black)",WATER PURIFIERS
,B074DHDXLR,Havells Enticer 1200mm Ceiling Fan (Pearl White/Chrome),HAVELLS FAN
,B07M6L89ZM,Havells Plush 1600-Watt Steam Iron (Black),HAVELLS SDA
,B00B4BBGT8,Havells Orion 1200mm Ceiling Fan (Antique Copper),HAVELLS FAN
,B00B4BC3NG,Havells Ciera 300mm Cabin Fan (Ivory),HAVELLS FAN
,B07BH44M5K,Havells DHMNCSPA016 PVC Plastic 16A SP C Mini MCB (White),HAVELLS BCP
,B075H3KWDL,Havells Quatro 10 Litre Vertical Storage Water Heater (White Green),HAVELLS WATER HEATER
,B07L8N16J9,Havells Hi-Flow MP1-1.0HP 1PH Centrifugal Pump (Grey),HAVELLS PUMP
,B079ZW2H1L,havells 1250 mm stealth air decorative ceiling fan pearl white (dust resistant),HAVELLS FAN
,B07LDPLSZC,Havells Glydo 1000 Watt Dry Iron (Charcoal Blue),HAVELLS SDA
,B00B4BC8YA,Havells Ventilair DB 230mm 45-Watt Exhaust Fan,HAVELLS FAN
,B076K942S2,Havells Rigo 500 Watt Juicer Mixer Grinder with 3 Jar (White & Light Blue),HAVELLS SDA
,B01FORF1YI,Havells Enticer 48' (Pearl White Gold),HAVELLS FAN
,B00PFG3NIA,Havells V3 Yurbo 450mm Pedestal Fan (Black),HAVELLS FAN
,B01MZHZKBK,"Havells Freddo I Desert Air Cooler -70 Litres (White, Brown)",HAVELLS AIR COOLER
,B00RTBBXAE,Havells Genie 500-Watt Juicer Mixer Grinder (Green),HAVELLS SDA
,B00KIDSU8S,Havells FHVVEDXOWH08 Ventil Air Dx 200mm Sweep size Fan (Off White),HAVELLS FAN
,B078VC1NXS,"Havells Celia Desert Air Cooler - 55 Litres (White, Grey)",HAVELLS AIR COOLER
,B00JRU5I1A,Havells D'zire High Speed 300mm Wall Fan (Grey),HAVELLS FAN
,B073S5BXBX,Havells Artemis 1200mm Fan (Ivory),HAVELLS FAN
,B08DL566XG,Reo (a Havells Brand) Tejas 1200 mm Ceiling Fan - White,REO FAN
,B00NLBJKXS,Havells Lifeline Cable WHFFDNGA11X0 1 sq mm Wire (Green),HAVELLS WIRE
,B00B4BC6YM,Havells Swing LX 400mm Table Fan (White),HAVELLS FAN
,B072K1V1DY,Havells Estelo Tea Maker 1.5L (Grey),HAVELLS SDA
,B00K0C4IFQ,"Havells Crabtree Athena 1M Fan Regulator, White",CRABTREE EWA
,B07CRH6CDN,(Renewed) Havells FHVVEDXOWH08 200mm Exhaust Fan (White),HAVELLS FAN
,B071GVJ6XG,"Havells Enticer Art 1200mm Ceiling Fan (Pearl White, Pack of 2)",HAVELLS FAN
,B00B4BBX6O,Havells SS-390 1200mm 68-Watt Metallic Ceiling Fan (Pearl Ivory),HAVELLS FAN
,B01K7OIAS2,Havells Max Cook DLX 1000-Watt Rice Cooker (Light Green),HAVELLS SDA
,B00PFD186M,Havells Nicola 1200mm Decorative Ceiling Fan (Pearl White Silver),HAVELLS FAN
,B00B4BBK80,Havells Pacer 1200mm Ceiling Fan (White),HAVELLS FAN
,B00J5DY7RU,Havells Swing Lx 400mm Table Fan (Cherry),HAVELLS FAN
,B00B4BBEEA,Havells Nicola 900mm 68-Watt Ceiling Fan (Bronze and Copper),HAVELLS FAN
,B00B4BC2ZU,Havells Yorker 1320mm Ceiling Fan (Antique Brass),HAVELLS FAN
,B07ML45D4J,Havells GHCRCCGW070 1.8 Litre Electric Cooker (White),HAVELLS SDA
,B00MB24T9S,Havells 15-Litre Storage Water Heater (Ivory and Red),HAVELLS WATER HEATER
,B00PFG3308,Havells Spartz 1200mm Decorative Ceiling Fan (Multicolour),HAVELLS FAN
,B00BYRK1R0,Havells Donato Espresso 900-Watt Stainless Steel Coffee Maker (Black),HAVELLS SDA
,B00JEAVS5I,Havells Velocity Neo HS 400mm Table Fan (White),HAVELLS FAN
,B073S62RFC,Havells Artemis 1200mm Fan (Elegant White),HAVELLS FAN
,B00B4BC4L2,Havells Sprint LED 400mm Pedestal Fan (Blue),HAVELLS FAN
,B00B4BBFVW,Havells Nicola 1200mm Ceiling Fan (Pearl Ivory),HAVELLS FAN
,B07BH468SW,Havells DHMGIDPX040 PVC Plastic 40A DP Switch Disconnector Euro 2 (White),HAVELLS BCP
,B00B4BC9IA,Havells Airbol 450mm High Speed Wall Fan (White),HAVELLS FAN
,B07K4SCRVC,Havells Max Alkaline 7-Liter RO+UV Water Purifier (Blue/White),WATER PURIFIERS
,B073S693X3,Havells Nicola 600mm Fan (Pearl White Silver),HAVELLS FAN
,B0152VU34E,Havells Monza EC 25-Litre Storage Water Heater with Flexi Pipe (Ivory),HAVELLS WATER HEATER
,B00B4BBH1K,Havells Orion 1200mm Ceiling Fan (Silver),HAVELLS FAN
,B07BH486XB,Havells DHMGBSPF010 PVC Plastic 10A MCB SP B Curve (White),HAVELLS BCP
,B00IA36I3W,Havells Crust 800-Watt Pop-up Toaster (White),HAVELLS SDA
,B07HG69797,Havells Mozel 1200mm Ceiling Fan (Brown),HAVELLS FAN
,B00K0C4BP8,"Havells ORO High Speed Fan Regulator - 2M for Home, Office, Hospital & Hotels",HAVELLS EWA
,B078V7117Q,"Havells Celia I Desert Air Cooler - 55 Litres (White, Brown)",HAVELLS AIR COOLER
,B073S65MLG,Havells Artemis 1200mm Fan (Brown),HAVELLS FAN
,B00NLBJGD2,Havells Lifeline Cable WHFFDNRA11X0 1 sq mm Wire (Red),HAVELLS WIRE
,B00BYRIQSQ,Havells Jio Heritage 1000-Watt Dry Iron (Purple),HAVELLS SDA
,B073S5BXD8,Havells Trendy 400mm Pedestal Fan (Green White),HAVELLS FAN
,B00PFG3RFE,Havells I-Cool 175 mm Personal Fan (White/Maroon),HAVELLS FAN
,B00B4BC93K,Havells Ventilair DB 300mm Exhaust Fan (Pista Green),HAVELLS FAN
,B06XJMWF88,Havells Hi-Flow MX1 Series 1.0 HP Centrifugal Water Pump (Grey),HAVELLS PUMP
,B07MHJ2NW2,Havells GHCOTCOK123 1200-Watt OTG (Black),HAVELLS SDA
,B00B4BC40S,Havells Crescent 250mm Table Fan (Yellow),HAVELLS FAN
,B073S5ZK4W,Havells Swing LX 400mm Table Fan (Blue),HAVELLS FAN
,B00B4BCAB6,Havells Swing Platina 400mm High Speed Wall Fan (White),HAVELLS FAN
,B075ZWQQD6,Havells Genie 500-Watt Mixer Grinder with Jar (Grey),HAVELLS SDA
,B00B4BBRR4,Havells Fusion 1400mm Ceiling Fan (Brown and Beige),HAVELLS FAN
,B07MRWKS69,Havells Insta 750-Watt Dry Iron (Craneberry),HAVELLS SDA
,B07D7NZMF4,(Renewed) Havells FHVVEDXOWH10 250mm Exhaust Fan (White),HAVELLS FAN
,B079JP4WNQ,Havells Digi Plus 7-litres RO UV Water Purifier (Black),WATER PURIFIERS
,B00B4BC3DQ,Havells Birdie 230mm Personal Fan (Black and Grey),HAVELLS FAN
,B08CP3JZ47,"Havells Delite DX 100% RO+UV, pH balanced SS Tank Water Purifier",WATER PURIFIERS
,B0866LFFVD,Crabtree Havells 16A Wi-Fi enabled Smart Socket,CRABTREE EWA
,B00J5DYAKO,Havells I-Cool 175mm Personal Fan (Black/Silver),HAVELLS FAN
,B00B4BBRLK,Havells Fusion 1200mm Ceiling Fan (Brown and Beige),HAVELLS FAN
,B06Y4SMS9S,Havells Troika 1200 mm Sweep Honey Champagne,HAVELLS FAN
,B00J5DYKH2,Havells Vogue Plus 1200mm Decorative Ceiling Fan (Silver Blue),HAVELLS FAN
,B07BH47TFF,Havells DHMGIFPX063 PVC Plastic 63A FP Switch Disconnector Euro 2 (White),HAVELLS BCP
,B06XGBRGZ8,"Havells Pacer 1200mm Ceiling Fan (Brown, Pack of 2)",HAVELLS FAN
,B0839R2689,Havells Enviro 100W Rh Solar Panel,SOLAR ROOF TOP
,B078J6CW46,Havells Instanio 3-Litre Instant Electric Water Heater (White/Mustard),HAVELLS WATER HEATER
,B074MNJ4FT,Havells Era 1000-Watt Dry Iron (Purple/White),HAVELLS SDA
,B00J5DYCCA,Havells Ventilair DSP 230mm Exhaust Fan (Pista Green),HAVELLS FAN
,B00B4BC37W,Havells Yorker 1320mm Ceiling Fan (B.Nickel),HAVELLS FAN
,B01N9ZWZDX,Havells Freddo 70-Litre Cooler (Grey/White),HAVELLS AIR COOLER
,B00NLBJDI0,Havells Lifeline Cable WHFFDNGA1X75 0.75 sq mm Wire (Green),HAVELLS WIRE
,B00B4BC4CQ,Havells Sprint Hi-Speed 400mm Pedestal Fan (White),HAVELLS FAN
,B082T9GV4C,Havells Self Priming Hi-Flow M1 Monoblock Pump 0.75Kw/ 1.0HP,HAVELLS PUMP
,B00B4BCAZC,Havells Swing Dzire 300mm Wall Fan (Light Grey),HAVELLS FAN
,B00B4BC3V8,Havells Crescent 250mm Table Fan (Blue),HAVELLS FAN
,B075MBSRFW,Havells Adore 1100-Watt Dry Iron (Sea Green),HAVELLS SDA
,B06XG2J9QC,"Havells Nicola 1200mm Ceiling Fan (Bronze Copper, Pack of 2)",HAVELLS FAN
,B073GW8MMB,Havells V3 450mm Fan (Silver/Black),HAVELLS FAN
,B00B4BC4VC,Havells Sprint LED 400mm Pedestal Fan (Wine Red),HAVELLS FAN
,B073S6JFQG,Havells Sagittal 1320mm Fan (Blush Copper),HAVELLS FAN
,B07BH5R548,Havells Utility DB SPN DD QVE RG 16W Metal Double Door Distribution Board (Grey),HAVELLS BCP
,B07BH3XK84,Havells DHMGCSPF010 PVC Plastic 10A MCB SP C Curve (White),HAVELLS BCP
,B08BW2N77B,Havells Stealth Wood i 1250 mm Smart Ceiling Fan (Pinewood),HAVELLS FAN
,B07MHJ2PWW,Havells Insta 750-Watt Dry Iron (Aqua),HAVELLS SDA
,B01MUR3IA8,"Havells Fresco I Personal Air Cooler - 24 Litres (White, Brown)",HAVELLS AIR COOLER
,B0839RSRLM,Havells Solar Home Inverter 1500Va 24V,SOLAR LSP
,B07B12B9R1,Havells Stealth 1250mm Ceiling Fan (Metallic Black),HAVELLS FAN
,B0152VTXX6,Havells Monza EC 15-Litre Storage Water Heater with Flexi Pipe (Ivory),HAVELLS WATER HEATER
,B00NLBJYCK,Havells Lifeline Cable WHFFDNKA12X5 2.5 sq mm Wire (Black),HAVELLS WIRE
,B00NLBJPY2,Havells Lifeline Cable WHFFDNBA11X5 1.5 sq mm Wire (Blue),HAVELLS WIRE
,B00NLBJNWQ,Havells Lifeline Cable WHFFDNA11X5 1.5 sq mm Wire (Red),HAVELLS WIRE
,B07BH3Y5LP,Havells DHMNCSPA010 PVC Plastic 10A SP C Mini MCB (White),HAVELLS BCP
,B00B4BC4GM,Havells Sprint 450mm 220-240 Volts High Speed Pedestal Fan (White),HAVELLS FAN
,B08NDX73P7,Reo (a Havells Brand) Tejas 1200 mm Ceiling Fan - Brown,REO FAN
,B07L8N16J8,Havells Hi-Flow MP2-0.5HP 1PH Centrifugal Pump (Grey),HAVELLS PUMP
,B07D7NZL9N,(Renewed) Havells Leganza 1200mm Ceiling Fan (Multicolor),HAVELLS FAN
,B076B7BH85,Havells Rigel 5 Way Surge and Spike Guard (Green and White),HAVELLS EWA
,B06XV5NXHW,Havells Pathfinder 10 1-Watt Rechargeable LED Torch (Blue),CONSUMER LIGHTING
,B00B4BBYAO,Havells SS-390 900mm 68-Watt Ceiling Fan (Bianco) (White),HAVELLS FAN
,B08JZ577LF,Havells Linea Electric Hot Water Tap 3300 Watts (Silver),HAVELLS WATER HEATER
,B07CRBR3NJ,Havells Plastic 16A 30mA PRCD Adaptor (White),HAVELLS EWA
,B06VW67KGC,Havells Gracia 750-Watt Mixer Grinder with 3 Jars (Purple),HAVELLS SDA
,B00B4BBXZ0,Havells SS-390 1200mm 74-Watt Metallic Ceiling Fan (Sparkle Brown),HAVELLS FAN
,B07BH43TWM,Havells DHMNCSPA020 PVC Plastic 20A SP C Mini MCB (White),HAVELLS BCP
,B00K0C49SW,"Havells ORO 16 AX One way Switch with Indicator for Home, Office, Hospital & Hotels",HAVELLS EWA
,B00B4BC33Q,Havells Yorker 1320mm Ceiling Fan (Antique Copper),HAVELLS FAN
,B073Y9P6NQ,Havells Enviro SL36 0.5-Watt Solar Lantern (Green),HAVELLS P-LUM
,B06XJMWD7K,Havells Hi-Flow M2 Series 0.5 HP Centrifugal Water Pump (Grey),HAVELLS PUMP
,B00YIT1TH2,"Havells M1 series 1HP Centrifugal Water Pump (5-inch, Grey)",HAVELLS PUMP
,B073S63FMS,Havells Trendy 400mm Pedestal Fan (Blue White),HAVELLS FAN
,B00K0C4K8G,Havells Crabtree Athena 6M Cover Plate,CRABTREE EWA
,B00OI1OMKQ,Havells Sparkle 1250-Watt Steam Iron (White/Purple),HAVELLS SDA
,B00BYRK0FS,Havells Travel Lite 0.5 Litre 1000 Watt Electric Kettle (Grey),HAVELLS SDA
,B00K0C4H5W,Havells Crabtree Athena 6A-16A Three Pin Combined Shutter Socket,CRABTREE EWA
,B075M9GGT2,Havells Adore 1100-Watt Dry Iron (Peach),HAVELLS SDA
,B07BH4BP97,Havells DHMGCSNF032 PVC Plastic 32A MCB SPN C Curve (White),HAVELLS BCP
,B082T9CC74,Havells Self Priming Hi-Flow A-1 Monoblock Pump 0.75 Kw/ 1.0 HP,HAVELLS PUMP
,B00B4BBV8E,Havells Fusion 1200mm Ceiling Fan (Silver and Blue),HAVELLS FAN
,B07D7N8K3P,(Renewed) Havells Ventilair DSP 300mm Exhaust Fan (Green),HAVELLS FAN
,B06XFZCHPB,"Havells Nicola 1200mm Ceiling Fan (Gold Mist Copper, Pack of 2)",HAVELLS FAN
,B00K0C48EM,"Havells ORO 10 AX 1Way Switch for Home, Office, Hospital & Hotels",HAVELLS EWA
,B089LB912W,Havells SHOWER1 monoblock Pump 1.0 HP,HAVELLS PUMP
,B08JQJ7WDL,"Lloyd Mats 1 Ton Portable AC (Copper, LP12B01TP, White)",LLOYD AIR CONDITIONE
,B08BXQ8HY6,Havells Carnesia i 1200 mm Smart Ceiling Fan (White LT Copper),HAVELLS FAN
,B07S3XHBHD,Havells Digiplus Alkaline - RO & UV,WATER PURIFIERS
,B00NLBJSCG,Havells Lifeline Cable WHFFDNGA11X5 1.5 sq mm Wire (Green),HAVELLS WIRE
,B00K0C4HB6,Havells Crabtree Athena 6/13A Universal Socket,CRABTREE EWA
,B00PFG30TC,Havells Spartz 1200mm Decorative Ceiling Fan (Pearl White Blue),HAVELLS FAN
,B00M0ESUZ6,Havells FHCFCSTBAC48 Florence 82-Watt Celling Fan (Black Copper),HAVELLS FAN
,B00B4BBGGQ,Havells Opus 1100mm Ceiling Fan (Transparent),HAVELLS FAN
,B07CRJJ3LK,(Renewed) Havells Leganza 1200mm Ceiling Fan (Gold),HAVELLS FAN
,B00NLBJOWA,Havells Life Line Cable 1.5 sq mm Wire (Yellow),HAVELLS WIRE
,B00J5DY338,Havells Leganza 3B 1200mm Decorative Ceiling Fan (Bronze Gold),HAVELLS FAN
,B00B4BBSIM,Havells Fusion 1200mm Ceiling Fan (Pearl Ivory),HAVELLS FAN
,B00B4BBHX8,Havells Pacer 900mm 72-Watt Ceiling Fan (Brown),HAVELLS FAN
,B073S5W2WB,Havells Turboforce 450mm Fan (Grey),HAVELLS FAN
,B06XGDGYD3,"Havells Leganza 3B 1200mm Ceiling Fan (Bronze Gold, Pack of 2)",HAVELLS FAN
,B01N5XI4NP,"Havells Brina Window Air Cooler - 50 Litres (White, Grey)",HAVELLS AIR COOLER
,B01MDPE5Z6,Havells Vento Jet-15 Auto 150mm Exhaust Fan (White),HAVELLS FAN
,B00J5DY946,Havells Trendy 400mm Pedestal Fan (Grey-White),HAVELLS FAN
,B07BH42381,Havells DHMNCSPA006 PVC Plastic 6A SP C Mini MCB (White),HAVELLS BCP
,B06XGFRFGP,"Havells Orion 1200mm Ceiling Fan (Antique Brass, Pack of 2)",HAVELLS FAN
,B00NLBJULA,Havells Lifeline Cable WHFFDNRA12X5 2.5 sq mm Wire (Red),HAVELLS WIRE
,B073S6785Z,Havells Yorker 1320mm Fan (Antique Copper),HAVELLS FAN
,B06XG4Y6BT,"Havells Orion 1200mm Ceiling Fan (Brushed Nickle, Pack of 2)",HAVELLS FAN
,B077TRB2FT,Havells Rayline 6-Watt Rechargeable LED Batten (White),CONSUMER LIGHTING
,B0788C2VSP,Havells BrightFill LED Filament A45 Base E14 4-Watt Bulb (White),CONSUMER LIGHTING
,B01M4M7OUH,Havells Vento Jet-10 INOX 100mm Exhaust Fan (Brush Steel),HAVELLS FAN
,B01L7C4IU2,Havells Ambrose 1200mm Ceiling Fan (Pearl White Wood),HAVELLS FAN
,B01CFTED1A,Havells Lumeno 5-Watt LED Downlighter (Cool Daylight),CONSUMER LIGHTING
,B00LTKL1H6,Havells FHCFCSTBAB48 Florence 82-Watt Celling Fan (Black Antique Brass),HAVELLS FAN
,B00K0C4KK4,"Havells Crabtree Athena 12M Cover Plate, White",CRABTREE EWA
,B00J5DY8OM,Havells Swing D'Zire 400mm Wall Fan (Off White),HAVELLS FAN
,B079M6WQGW,Lloyd 1.5 Ton 1 Star Split AC (Copper LS19A3FF-O White),LLOYD AIR CONDITIONE
,B00K0C4FQI,Havells Crabtree Athena 10A Two-Way Switch,CRABTREE EWA
,B08BXP51CJ,Havells Carnesia i 1200 mm Smart Ceiling Fan (White Gold),HAVELLS FAN
,B0883D8QWG,Havells Delite Alkaline High Recovery RO+UV Water Purifier (Silver-Golden),WATER PURIFIERS
,B082T8TZH4,Havells Self Priming Hi-Flow AL-2 Monoblock Pump 0.37Kw/ 0.5HP,HAVELLS PUMP
,B07NJFWKM6,Havells LHEBHDP7IZ1W006 Octane Round 6-Watt LED Panel Light (White),CONSUMER LIGHTING
,B07HG5XN33,Havells Mozel 1200mm Ceiling Fan (White),HAVELLS FAN
,B074DGYK8N,Havells Troika 1200mm Ceiling Fan (White Silver),HAVELLS FAN
,B071HGM642,Havells Octet 1320mm Ceiling Fan with Remote (Brushed Nickel),HAVELLS FAN
,B00NLBJIAI,Havells Lifeline Cable WHFFDNBA11X0 1 sq mm Wire (Blue),HAVELLS WIRE
,B00B4BBTFY,Havells Fusion 1400mm Ceiling Fan (Pearl White and Silver),HAVELLS FAN
,B07BH3RKL4,Havells DHMGCSPF016 PVC Plastic 16A MCB SP C Curve (White),HAVELLS BCP
,B00NLBJVXC,Havells Lifeline Cable WHFFDNYA12X5 2.5 sq mm Wire (Yellow),HAVELLS WIRE
,B00B4BB8F0,Havells Fabio 1200mm Platinum Finish 72-Watt Ceiling Fan (Brushed Nickel),HAVELLS FAN
,B07NJ865FR,Havells LHEEBPP7IN1W005 Lumeno Round 5-Watt Downlighter (White),CONSUMER LIGHTING
,B07LDQ9C8W,Havells Enticer 1000-Watt Dry Iron (Pink),HAVELLS SDA
,B077K1FTDY,Havells Premio I Premio I 750-Watt Mixer Grinders (Black),HAVELLS SDA
,B073S6WJ4K,Havells Turboforce 380mm 150-Watt Exhaust Fan (Grey),HAVELLS FAN
,B00K0C4IJM,Havells Crabtree Athena High Speed Fan Regulator,CRABTREE EWA
,B07D7RJ2G4,(Renewed) Havells Swing Platina 400mm High Speed Wall Fan (Black),HAVELLS FAN
,B01N195BCD,"Havells Brina Plus Window Air Cooler - 50 Litres (White, Brown)",HAVELLS AIR COOLER
,B00PU1BP3U,Lloyd 1.5 Ton 3 Star Window AC (LW19A3N White),LLOYD AIR CONDITIONE
,B00B4BC160,Havells Velocity 600mm Ceiling Fan (Ivory),HAVELLS FAN
,B00B4BBSOG,Havells Fusion 1400mm Ceiling Fan (Pearl Ivory),HAVELLS FAN
,B00B4BBR7Y,Havells Fusion 600mm Ceiling Fan (Brown and Beige),HAVELLS FAN
,B00B4BB7I8,Havells ES-50 Five Star 1200mm Ceiling Fan (off-White),HAVELLS FAN
,B08BXP4JPN,Havells Carnesia i 1200 mm Smart Ceiling Fan (Brown LT Copper),HAVELLS FAN
,B07ML45D4P,Havells GHCOTCSK150 1500-Watt OTG (Black),HAVELLS SDA
,B074MN6NPL,Havells Vetro Digi 1.7-Litre Kettle (Transparent/Grey),HAVELLS SDA
,B00K0C4JYQ,"Havells Crabtree Athena 2M Cover Plate, White",CRABTREE EWA
,B00B4BBIW8,Havells Pacer 1200mm Ceiling Fan (Ivory),HAVELLS FAN
,B089LC12X4,Havells SHOWER2 monoblock Pump 1.0 HP,HAVELLS PUMP
,B07NJ6SXLF,Havells LHEBHEP7IZ1W003 Octane Square 3-Watt LED Panel Light (White),CONSUMER LIGHTING
,B07D7TXQ73,(Renewed) Havells Ventilair DB 300mm Exhaust Fan (Pista Green),HAVELLS FAN
,B07D7NZLBJ,(Renewed) Havells Ciera 300mm Cabin Fan (Ivory),HAVELLS FAN
,B078BDFVZQ,Havells LHEBLDP6IN1W010 Trim 10-Watt LED Panel Light (White),CONSUMER LIGHTING
,B06XJMTLZB,Havells S1-1.0HP (0.75KW) 1PH Self Priming monoblock Pump (Grey),HAVELLS PUMP
,B01N2RWT4D,Havells Sprint-16 HS 400mm Pedestal Fan (White),HAVELLS FAN
,B00K0C4KGS,"Havells Crabtree Athena 8M H Cover Plate, White",CRABTREE EWA
,B00K0C4BEE,"Havells ORO Step Fan Regulator - 2M for Home, Office, Hospital & Hotels",HAVELLS EWA
,B089L9YHG1,Havells Zinnia 2 monoblock Pump 0.37 kW (0.5 HP),HAVELLS PUMP
,B0839R49X7,Havells Solar Home Inverter 850Va 12V,SOLAR ROOF TOP
,B07BVKQ17H,Havells DBOXx MCB Protected Socket PVC Plastic Base Model (White),HAVELLS BCP
,B079JNT1L7,Havells Digitouch 7-litres RO UV Water Purifier (Black),WATER PURIFIERS
,B073S6CZC4,Havells Urbane 1320mm Fan (Antique Copper),HAVELLS FAN
,B06XGBQN51,"Havells Nicola 1200mm Ceiling Fan (Pearl Ivory, Pack of 2)",HAVELLS FAN
,B00B4BBZGC,Havells SS-390 1400mm 68-Watt Ceiling Fan (Brown),HAVELLS FAN
,B00B4BBKDA,Havells Pacer 1400mm 72-Watt Ceiling Fan (White),HAVELLS FAN
,B0839RQ6NY,Havells Solar Home Inverter 1100Va 12V,SOLAR LSP
,B07NJ58HHK,Havells LHEEBPP5IL1W012 Lumeno Round 12-Watt Downlighter (White),CONSUMER LIGHTING
,B073S69J3X,Havells Swing 300mm Fan (White),HAVELLS FAN
,B071YV7SGH,Havells Octet 1320mm Ceiling Fan (Black/Nickel),HAVELLS FAN
,B00P8TY5OU,Havells ACMRFXW005 Murano 5 Step 2M High Speed Fan Regulator,CRABTREE EWA
,B00JEAVQZ0,Havells Velocity HS 1200mm Ceiling Fan (Brown),HAVELLS FAN
,B00B4BBTC2,Havells Fusion 1200mm Ceiling Fan (Pearl White and Silver),HAVELLS FAN
,B078VC1NXR,"Havells Koolaire Honeycomb Desert Air Cooler - 51 Litres (White, Grey)",HAVELLS AIR COOLER
,B073S6NSDT,Havells Swing LX 400mm Table Fan (Purple),HAVELLS FAN
,B00B4BBZ0S,Havells SS-390 900mm 68-Watt Ceiling Fan (Brown),HAVELLS FAN
,B00B4BBFI0,Havells Nicola 900mm 68-Watt Ceiling Fan (Pearl Ivory and Gold),HAVELLS FAN
,B07ML44TGV,Havells Alitura-I Tower Air Cooler - 30 litres (Brown),HAVELLS AIR COOLER
,B07MHJ2K7Q,"Havells Alitura Tower Air Cooler - 20 litres (White, Grey)",HAVELLS AIR COOLER
,B073S65PP6,Havells SS-390 1400mm Fan (Pearl White Silver),HAVELLS FAN
,B01MDPDEAS,Havells Vento Jet-15 INOX 150mm Exhaust Fan (Brush Steel),HAVELLS FAN
,B00B4BB724,Havells Cedar U/L 1320mm Ceiling Fan (Brown),HAVELLS FAN
,B07MBB9B7L,Havells Alitura-I Tower Air Cooler - 50 litres (Brown),HAVELLS AIR COOLER
,B07D7NZL97,(Renewed) Havells Swing FHWSWSTIVR12 300mm Wall Fan (White),HAVELLS FAN
,B07BH4KKFZ,Havells DHMGBSPF020 PVC Plastic 20A MCB SP B Curve (White),HAVELLS BCP
,B07BH4CQLP,Havells DHMGCSPF063 PVC Plastic 63A MCB SP C Curve (White),HAVELLS BCP
,B079M5G7DF,Lloyd 1.5 Ton 1 Star Split AC (Copper LS19AA3 White),LLOYD AIR CONDITIONE
,B073S69J83,Havells Nicola 600mm Fan (Pearl Ivory),HAVELLS FAN
,B01M3SZ19K,Havells Vento Jet-15 Auto INOX 150mm Exhaust Fan (Brush Steel),HAVELLS FAN
,B00K0C4CDE,"Havells MCB ORO 20 A SP Mini MCB 'C' Series 3 kA for Home, Office, Hospital & Hotels",HAVELLS EWA
,B00J5DY3HO,Havells Leganza 3B 1200mm Electrical Ceiling Fan (Pearl White Silver),HAVELLS FAN
,B07CSDLMWV,(Renewed) Havells Sprint 400mm Pedestal Fan (Red),HAVELLS FAN
,B07BH4DH4B,Havells DHMGIDPX063 PVC Plastic 63A DP Switch Disconnector Euro 2 (White),HAVELLS BCP
,B073S65PPJ,Havells Tourner 400mm Fan (White),HAVELLS FAN
,B00B4BBS3C,Havells Fusion 600mm Ceiling Fan (Pearl Ivory),HAVELLS FAN
,B0839R5LH9,Havells Enviro 150W Rh Solar Panel,SOLAR LSP
,B07CRLJ2J7,(Renewed) Havells Sprint 400mm Pedestal Fan (Blue),HAVELLS FAN
,B078VBFN7X,Havells Koolaire Wood wool 51-Litre Cooler (Silver),HAVELLS AIR COOLER
,B00RTBR2UE,Havells Max Cook Plus 1.8-Litre Electric Rice Cooker,HAVELLS SDA
,B00B4BBY4K,Havells SS-390 600mm 68-Watt Ceiling Fan (Bianco),HAVELLS FAN
,B0851D71W1,Havells Stealth Air Cruise 1320 mm Ceiling Fan (Dusk-Champagne),HAVELLS FAN
,B07NJFWKLP,Havells LHEBHDP5IZ1W015 Octane Round 15-Watt LED Panel Light (White),CONSUMER LIGHTING
,B07NJBF282,Havells LHEBHDP6IZ1W006 Octane Round 6-Watt LED Panel Light (White),CONSUMER LIGHTING
,B077TDVJ23,Havells Solis 2.8-Watt Rechargeable Lantern (Blue),CONSUMER LIGHTING
,B075GWSPM2,Havells Nutrisense 150-Watt Cold Press Juicer (Golden/Black),HAVELLS SDA
,B06XGD8278,"Havells Orion 1200mm Ceiling Fan (Antique Copper, Pack of 2)",HAVELLS FAN
,B01MDPEA44,Havells Vento Jet-10 100mm Exhaust Fan (White),HAVELLS FAN
,B0185RS7OK,Havells Adore Rabbit 0.5-Watt LED Night Lite (Ivory and Pink),CONSUMER LIGHTING
,B00K0C4E7I,"Havells ORO 8 M Cover Plate for Home, Office, Hospital & Hotels",HAVELLS EWA
,B00J5DY28O,Havells Lumos 1320mm Premium Underlight Ceiling Fan (Brushed Aluminium),HAVELLS FAN
,B00B4BB7W4,Havells ES-50 Five Star 1200mm Ceiling Fan (White),HAVELLS FAN
,B082T9C524,Havells Borewell V4 HC4W10B10S Residential Submersible Pump 0.75kW,HAVELLS PUMP
,B082T8H6JL,Havells Open Well WL-2 Submersible Pump 0.37KW/ 0.5HP,HAVELLS PUMP
,B07CRLFQRC,(Renewed) Havells FHPICMXWMR07 175 mm Personal Fan (White/Maroon),HAVELLS FAN
,B06XJMTP5Q,Havells Hi-Flow MX2 Series 0.5 HP Centrifugal Water Pump (Grey),HAVELLS PUMP
,B06XGFK2J8,"Havells Pacer 1200mm Ceiling Fan (Ivory, Pack of 2)",HAVELLS FAN
,B06XGD3XZG,"Havells Leganza 3B 1200mm Ceiling Fan (White/Silver, Pack of 2)",HAVELLS FAN
,B06XGCD8GQ,"Havells Festiva 1200mm Ceiling Fan (Ocean Blue, Pack of 2)",HAVELLS FAN
,B00NLBJJHU,Havells Lifeline Cable WHFFDNKA11X0 1 sq mm Wire (Black),HAVELLS WIRE
,B00JEAVRQ8,Havells Velocity HS 1200mm Ceiling Fan (Elegant White),HAVELLS FAN
,B00B4BC3JA,Havells Birdie 230mm Personal Fan (Yellow and Maroon),HAVELLS FAN
,B07NJJ495Y,Havells LHEBHDP6IZ1W009 Octane Round 9-Watt LED Panel Light (White),CONSUMER LIGHTING
,B07NJBF27T,Havells LHEBHDP7IZ1W009 Octane Round 9-Watt LED Panel Light (White),CONSUMER LIGHTING
,B07NJ8RPSS,Havells LHEBHDP5IZ1W009 Octane Round 9-Watt LED Panel Light (White),CONSUMER LIGHTING
,B07BH443VM,Havells DHMGCSNF040 PVC Plastic 40A MCB SPN C Curve (White),HAVELLS BCP
,B07BH3RKL3,Havells DHMGBSPF032 PVC Plastic 32A MCB SP B Curve (White),HAVELLS BCP
,B073S6CYJL,Havells Pacer 600mm Fan (White),HAVELLS FAN
,B073S5BXBS,Havells Turboforce 300mm 50-Watt Exhaust Fan (Grey),HAVELLS FAN
,B00J5DYA86,Havells Sprint 400mm Pedestal Fan with LED Remote (Wine Red),HAVELLS FAN
,B00B4BC10G,Havells Velocity 1400mm Ceiling Fan (Brown),HAVELLS FAN
,B00B4BB8N2,Havells Florence 2 Tone 1200mm Ceiling Fan (Nickel Gold),HAVELLS FAN
,B07NJBFSBM,Havells LHEBHEP6IZ1W003 Octane Square 3-Watt LED Panel Light (White),CONSUMER LIGHTING
,B07NJ562X2,Havells LHEBHEP6IZ1W015 Octane Square 15-Watt LED Panel Light (White),CONSUMER LIGHTING
,B07ML45D4L,Havells Flare 1250-Watt Steam Iron (Purple),HAVELLS SDA
,B07BGXRKJ9,"Lloyd 7.5 kg Fully-Automatic Top Loading Washing Machine (LWMT75TGS, Purple and White)",LLOYD WASHING MACHINE
,B078BC1GYR,Havells LHEBLDP7IN1W005 Trim 5-Watt LED Panel Light (White),CONSUMER LIGHTING
,B073S5HBS8,Havells SS-390 600mm Fan (Met. Pearl White Silver),HAVELLS FAN
,B01MUDO7F3,Havells LHLDERUEML8X007 New Adore Base B22 7-Watt LED Bulb (White),CONSUMER LIGHTING
,B01I4WTQVE,Havells Adore Heritage 1100-Watt Dry Iron (Blue),HAVELLS SDA
,B00NLBJZ8S,Havells Lifeline Cable WHFFDNGA12X5 2.5 sq mm Wire (Green),HAVELLS WIRE
,B00K0C4EHS,"Havells ORO 8 M Cover Plate (H) for Home, Office, Hospital & Hotels",HAVELLS EWA
,B00B4BC9F8,Havells Ventilair DS 300mm 40-Watt Bush Type Exhaust Fan,HAVELLS FAN
,B00B4BC0KM,Havells Velocity 900mm Ceiling Fan (Brown),HAVELLS FAN
,B00B4BBYFE,Havells SS-390 1050mm 68-Watt Ceiling Fan (Bianco),HAVELLS FAN
,B00B4BBRCY,Havells Fusion 900mm Ceiling Fan (Brown and Beige),HAVELLS FAN
,B009ZQR9IQ,Havells Jio 1000-Watt Dry Iron (Blue),HAVELLS SDA
,B082T9L2WK,Havells Borewell V4 HC4W15B15S Residential Submersible Pump 1.1kW,HAVELLS PUMP
,B082T946YZ,Havells Self Priming Hi-Flow A-3 Monoblock Pump 0.55Kw/ 0.75HP,HAVELLS PUMP
,B07MRX637D,Havells Crisp Plus 750-Watt Pop-up Toaster (White),HAVELLS SDA
,B07D7MVQ6W,(Renewed) Havells Sparkle 1250-Watt Steam Iron (White/Purple),HAVELLS SDA
,B076DNQT39,Havells Drip Cafï¿½ Drip Cafe-N 6 Coffee Maker Black 600W 600-Watt Drip Coffee Machine (Black),HAVELLS SDA
,B06XGD9FCH,"Havells Leganza 4B 1200mm Ceiling Fan (Bronze Gold, Pack of 2)",HAVELLS FAN
,B06XGBWQ99,"Havells Leganza 4B 1200mm Ceiling Fan (White/Silver, Pack of 2)",HAVELLS FAN
,B01MUTADQU,"Havells Fresco Personal Air Cooler - 24 Litres (White, Grey)",HAVELLS AIR COOLER
,B0185RS7MC,Havells Adore Rhino 0.5-Watt LED Night Lite (Red and Yellow),CONSUMER LIGHTING
,B00P8TZMGU,Havells ACMPGCLV12 Murano 12M Cover Plate,CRABTREE EWA
,B00K0C4JFU,Havells Crabtree Athena 4M LED Footlight,HAVELLS EWA
,B00K0C4GZS,Havells Crabtree Athena 6A Five Pin Socket,CRABTREE EWA
,B00B4BBZUI,Havells SS-390 900mm 68-Watt Ceiling Fan (White),HAVELLS FAN
,B00B4BB68E,Havells Avion U/L 1320mm Ceiling Fan (Antique Brass),HAVELLS FAN
,B08MLGPCSL,Havells Warmio 2000 watt Room Heater (White),HAVELLS SDA
,B089L8JZH7,Havells MSE2 monoblock Pump 0.37 kW (0.5 HP),HAVELLS PUMP
,B082T9WHX5,Havells Self Priming Hi-Flow D-2 Monoblock Pump 0.37Kw/ 0.5HP,HAVELLS PUMP
,B082T9FB49,Havells Self Priming Hi-Flow D1 Monoblock Pump 0.75Kw/ 1.0HP,HAVELLS PUMP
,B082T989G2,Havells Centrifugal hi-Flow CMS20 monoblock Pump 1.1kW/ 1.5HP,HAVELLS PUMP
,B07TDY474Z,Havells Fusion Pendant Light - 1LS E27 D320 Gry,CONSUMER LIGHTING
,B07TBSKF5Q,Havells Fusion Pendant Light - 1LS E27 D320 CRE,CONSUMER LIGHTING
,B07TBS5NSS,Havells Fusion Pendant Light - 1LS E27 D320 RED,CONSUMER LIGHTING
,B07NJBTV16,Havells LHEBHEP7IZ1W015 Octane Square 15-Watt LED Panel Light (White),CONSUMER LIGHTING
,B07NJ7YDR1,Havells LHEBHEP5IZ1W015 Octane Square 15-Watt LED Panel Light (White),CONSUMER LIGHTING
,B07D7RQPCD,(Renewed) Havells Sprint 450mm High Speed Pedestal Fan (White),HAVELLS FAN
,B07D7NZJ6K,(Renewed) Havells Nicola 1200mm Ceiling Fan (White),HAVELLS FAN
,B07D7N8K65,(Renewed) Havells Swing Lx 400mm Table Fan (Cherry),HAVELLS FAN
,B07D7MVL68,(Renewed) Havells Nicola 1200mm Ceiling Fan (Brown),HAVELLS FAN
,B07D7MSRR6,(Renewed) Havells ES-50 Five Star 1200mm Ceiling Fan (Brown),HAVELLS FAN
,B07CSDKLNC,(Renewed) Havells Pacer 1200mm Ceiling Fan (Brown),HAVELLS FAN
,B07CRHZSN2,Havells Plastic 16A 30mA PRCD Plug Top (White),HAVELLS EWA
,B07BH56L83,Havells Utility DB SPN SD QVE RG 6W Metal Single Door Distribution Board (Grey),HAVELLS BCP
,B07BH45F5Q,Havells DHMGBSPF025 PVC Plastic 25A MCB SP B Curve (White),HAVELLS BCP
,B079MDD45J,Lloyd 1.5 Ton 3 Star Split AC (Copper LS19A5DA-W White),LLOYD AIR CONDITIONE
,B079M4WTY6,Lloyd 1.5 Ton 1 Star Split AC (Copper LS19A3B White),LLOYD AIR CONDITIONE
,B078X5XKTP,Standard Ameo 25-Litre Geyser (Ivory/Red),STANDARD WATERHEATER
,B078JBR5VJ,Havells Instanio 1-Litre Instant Geyser (White/Blue),HAVELLS WATER HEATER
,B06X9VLWH7,Havells Momenta Led Underlight Ceiling Fan with Remote,HAVELLS FAN
,B00K0C4AW2,"Havells ORO RJ 11 Socket - 1M for Home, Office, Hospital & Hotels",HAVELLS EWA
,B00B4BBNAA,Havells Speedster 750mm Ceiling Fan (Brown),HAVELLS FAN
,B00B4BBJ1I,Havells Pacer 1400mm,HAVELLS FAN
,B00B4BBI1Y,Havells Pacer 1050mm Ceiling Fan (Brown),HAVELLS FAN
,B082T96J1Y,Havells Open Well WL-1 Submersible Pump 0.75KW/ 1.0HP,HAVELLS PUMP
,B082T8H6JK,Havells Borewell Hi-Flow V-3 H3W16R1B10J Submersible Pump 16 Stages,HAVELLS PUMP
,B07TBS85SF,Havells Ornalite Chandelier Light - 1X3LS E27 BRZ,CONSUMER LIGHTING
,B07NJFWKMX,Havells LHEBMFP5IZ2W003 Blaze Panels Square 3-Watt LED Panel Light (White),CONSUMER LIGHTING
,B07NJFHFVX,Havells LHEBHDP6IZ1W018 Octane Round 18-Watt LED Panel Light (White),CONSUMER LIGHTING
,B07NJBTV2K,Havells LHEAAVP5IL1W012 Comet Round 12-Watt LED Panel Light (White),CONSUMER LIGHTING
,B07NJ8HHT1,Havells LHEBHEP6IZ1W009 Octane Square 9-Watt LED Panel Light (White),CONSUMER LIGHTING
,B07NJ8C8HS,Havells LHEAAWP7IL1W018 Comet Square 18-Watt LED Panel Light (White),CONSUMER LIGHTING
,B07NJ65LG2,Havells LHEEBQP5IL1W012 Lumeno Square 12-Watt Downlighter (White),CONSUMER LIGHTING
,B07NJ63W7Z,Havells LHEBHEP7IZ1W006 Octane Square 6-Watt LED Panel Light (White),CONSUMER LIGHTING
,B07MDX98XP,Havells GHCRCCFW070 1.8 Litre Electric Cooker (White),HAVELLS SDA
,B07BH4KVBM,Havells DHMGCTNF040 PVC Plastic 40A MCB TPN C Curve (White),HAVELLS BCP
,B07BH4JC37,Havells DHMNIDPX040 PVC Plastic 40A DP Switch Disconnector Mini MCB (White),HAVELLS BCP
,B07BH4H2MZ,Havells DHMGCDPF016 PVC Plastic 16A MCB DP C Curve (White),HAVELLS BCP
,B07BH42NQK,Havells DHMGCSPF032 PVC Plastic 32A MCB SP C Curve (White),HAVELLS BCP
,B07BH3XK7W,Havells DHMNCSPA025 PVC Plastic 25A SP C Mini MCB (White),HAVELLS BCP
,B07BH3WCDS,Havells DHMGCDPF032 PVC Plastic 32A MCB DP C Curve (White),HAVELLS BCP
,B07BH3RKLC,Havells DHMGCSNF016 PVC Plastic 16A MCB SPN C Curve (White),HAVELLS BCP
,B077TS4TKD,Havells Galaxy 5-Watt Rechargeable Lantern (Red),CONSUMER LIGHTING
,B073S69J39,Havells Efficiencia 1200mm Fan (Pearl White),HAVELLS FAN
,B073S65PQ4,Havells Leganza 1200mm Fan (Lavender Mist Silver),HAVELLS FAN
,B073S65P18,Havells Pacer 600mm Fan (Ivory),HAVELLS FAN
,B073S65MN3,Havells Nicola 900mm Fan (Pearl White Silver),HAVELLS FAN
,B073S5HBSX,Havells Nicola 1400mm Fan (Bronze Copper),HAVELLS FAN
,B073S5BXBT,Havells Turboforce 300mm 82- Watt Exhaust Fan (Grey),HAVELLS FAN
,B06XGDDGTP,"Havells SS-390 1200mm Ceiling Fan (Brown, Pack of 2)",HAVELLS FAN
,B06XGCH2N5,"Havells Festiva 1200mm Ceiling Fan (Pearl White/Silver, Pack of 2)",HAVELLS FAN
,B06XFYQ1SQ,"Havells Festiva 1200mm Ceiling Fan (Pearl Ivory, Pack of 2)",HAVELLS FAN
,B01FMAY0LM,Havells Enticer 1200mm Ceiling Fan (Rose Gold),HAVELLS FAN
,B00P8TXUTG,Havells ACMKTWW000 Murano TV Socket,CRABTREE EWA
,B00NLBKYR4,Havells Standard Single Core PVC Insulated HTR FR 90m 1 sq mm Wire (Red),STANDARD WIRE
,B00LTKL1ZS,Havells FHCFCSTBAN48 Florence 82-Watt Celling Fan (Black Antique Nickel),HAVELLS FAN
,B00K0C4KD6,Havells Crabtree Athena 8M Cover Plate,CRABTREE EWA
,B00K0C4GVM,Havells Crabtree Athena 32A One-Way DP Switch,CRABTREE EWA
,B00JR6K8QY,Havells FHCVOSTPWS48 Vogue 72-Watt Ceiling Fan (Pearl White Silver),HAVELLS FAN
,B00B4BC9C6,Havells Ventilair DS 230mm Exhaust Fan,HAVELLS FAN
,B00B4BC98K,Havells Ventilair DS 150mm Exhaust Fan,HAVELLS FAN
,B00B4BC8KY,Havells Ventilair 150mm Exhaust Fan with Window (White),HAVELLS FAN
,B00B4BBZN0,Havells SS-390 600mm 68-Watt Ceiling Fan (White),HAVELLS FAN
,B00B4BBYV8,Havells SS-390 600mm 68-Watt Ceiling Fan (Brown),HAVELLS FAN
,B00B4BBXCS,Havells SS-390 900mm 68-Watt Metallic Ceiling Fan (Pearl White and Silver),HAVELLS FAN
,B00B4BBSXC,Havells Fusion 900mm Ceiling Fan (Pearl White and Silver),HAVELLS FAN
,B00B4BBSDW,Havells Fusion 1050mm Ceiling Fan (Pearl Ivory),HAVELLS FAN
,B00B4BBEZO,Havells Nicola 900mm 68-Watt Ceiling Fan (Gold Mist and Copper),HAVELLS FAN
,B00B4BB788,Havells ES-50 Five Star 1200mm Ceiling Fan (Brown),HAVELLS FAN
,B0839RS6X2,Havells Enviro GTi5000D 1 Ph Solar Gt Inverter (5Kw),SOLAR STREET LIGHT
,B0839RNHNL,Havells Solar PCU 5Kw 96Vdc/6.25Kva,SOLAR LSP
,B0839RJ44H,Havells Enviro GTi1100Tx 1 Ph Solar Gt Inverter (1Kw),SOLAR ROOF TOP
,B0839QX5ZR,Havells Enviro GTi2200 1 Ph Solar Gt Inverter (2Kw),SOLAR ROOF TOP
,B0839QRPTZ,Havells Enviro GTi5500Tx 3 Ph Solar Gt Inverter (5Kw),SOLAR ROOF TOP
,B082T9Q3ZG,Havells Self Priming Hi-Flow HS-2 Monoblock Pump 0.37Kw/ 0.5HP,HAVELLS PUMP
,B082T9HS6Q,Havells Centrifugal hi-Flow CMQ10 monoblock Pump 0.75kW/ 1.0HP,HAVELLS PUMP
,B082T94PVM,Havells Centrifugal hi-Flow CMP05 monoblock Pump 0.37kW/ 0.5HP,HAVELLS PUMP
,B082T946Z9,Havells Centrifugal hi-Flow CMQ20 monoblock Pump 1.1kW/ 1.5HP,HAVELLS PUMP
,B082T8HZ4M,Havells Borewell V4 HC4W12C15S Residential Submersible Pump 1.1kW,HAVELLS PUMP
,B082T8H6JJ,Havells Borewell Hi-Flow V-3 H3W12R1B10J Submersible Pump 12 Stages,HAVELLS PUMP
,B082T8DPX4,Havells Centrifugal hi-Flow CMR20 monoblock Pump 1.5kW/ 2.0HP,HAVELLS PUMP
,B082T8DPWT,Havells Centrifugal hi-Flow CMM05 monoblock Pump 0.37kW/ 0.5HP,HAVELLS PUMP
,B082T8DPWR,Havells Borewell V4 HC4W20B15S Residential Submersible Pump 1.1kW,HAVELLS PUMP
,B07TL34G1R,Havells RO and UV Absolutely Safe Water,WATER PURIFIERS
,B07NJHXVSF,Havells LHEBHEP5IZ1W009 Octane Square 9-Watt LED Panel Light (White),CONSUMER LIGHTING
,B07NJG2SDC,Havells LHEEBPP5IN1W003 Lumeno Round 3-Watt Downlighter (White),CONSUMER LIGHTING
,B07NJFWKN7,Havells LHEAAWP5IL1W012 Comet Square 12-Watt LED Panel Light (White),CONSUMER LIGHTING
,B07NJFHFWS,Havells LHEBMFP5IZ2W015 Blaze Panels Square 15-Watt LED Panel Light (White),CONSUMER LIGHTING
,B07NJBTV2F,Havells LHEBMFP7IZ2W003 Blaze Panels Square 3-Watt LED Panel Light (White),CONSUMER LIGHTING
,B07NJBSCZS,Havells LHEAAVP7IL1W006 Comet Round 6-Watt LED Panel Light (White),CONSUMER LIGHTING
,B07NJBPQJC,Havells LHEBKJP5IZ1W003 Joy Round 3-Watt LED Panel Light (White),CONSUMER LIGHTING
,B07NJBPQHL,Havells LHEBMFP7IZ2W006 Blaze Panels Square 6-Watt LED Panel Light (White),CONSUMER LIGHTING
,B07NJ9RGGY,Havells LHEBHDP7IZ1W003 Octane Round 3-Watt LED Panel Light (White),CONSUMER LIGHTING
,B07NJ9RGG3,Havells LHEBHDP5IZ1W024 Octane Round 24-Watt LED Panel Light (White),CONSUMER LIGHTING
,B07NJ865G1,Havells LHEEBQP7IN1W003 Lumeno Square 3-Watt Downlighter (White),CONSUMER LIGHTING
,B07NJ821B3,Havells LHEAAWP5IL1W018 Comet Square 18-Watt LED Panel Light (White),CONSUMER LIGHTING
,B07NJ7NCZL,Havells LHEBHEP5IZ1W003 Octane Square 3-Watt LED Panel Light (White),CONSUMER LIGHTING
,B07NJ65LD8,Havells LHEBHEP6IZ1W012 Octane Square 12-Watt LED Panel Light (White),CONSUMER LIGHTING
,B07NJ63W8R,Havells LHEAAWP6IL1W018 Comet Square 18-Watt LED Panel Light (White),CONSUMER LIGHTING
,B07NJ626PL,Havells LHEBMFP5IZ1W018 Blaze Panels Round 18-Watt LED Panel Light (White),CONSUMER LIGHTING
,B07NJ5RG5W,Havells LHEAAWP6IL1W006 Comet Square 6-Watt LED Panel Light (White),CONSUMER LIGHTING
,B07MM2C1YJ,"Havells 6-Watt Non-Rechargeable Trim Clip On LED Panel Light (White, 4000 K, Round)",CONSUMER LIGHTING
,B07MJGY6HG,"Havells 24-Watt Non-Rechargeable Trim Clip On LED Panel Light (White, 4000 K, Round)",CONSUMER LIGHTING
,B07HLQ3HK7,Lloyd 1.5 Ton 3 Star Window AC (Copper LW19A30PP White),LLOYD AIR CONDITIONE
,B07F6GXK61,Havells GHFMGAGE060 600-Watt Mixer Grinder with 3 Jars (Grey),HAVELLS SDA
,B07D7R8SW5,(Renewed) Havells Monza EC 25-Litre Water Heater (Ivory),HAVELLS WATER HEATER
,B07BH4M5W3,Havells DHMGCDPF006 PVC Plastic 6A MCB DP C Curve (White),HAVELLS BCP
,B07BH4CQLS,Havells DHMGCSPF006 PVC Plastic 6A MCB SP C Curve (White),HAVELLS BCP
,B07BH4CJL1,Havells DHMGCTPF040 PVC Plastic 40A MCB TP C Curve (White),HAVELLS BCP
,B07BH4CJKN,Havells DHMGCTPF016 PVC Plastic 16A MCB TP C Curve (White),HAVELLS BCP
,B07BH4BP8Y,Havells DHMGBSPF040 PVC Plastic 40 A SP B MCB Euro 2 (White),HAVELLS BCP
,B07BH468SM,Havells DHMNCSPA032 PVC Plastic 32A SP C Mini MCB (White),HAVELLS BCP
,B07BH454DL,Havells DHMGCSPF040 PVC Plastic 40 A SP C MCB Euro 2 (White),HAVELLS BCP
,B07BH443VL,Havells DHMGCFPF063 PVC Plastic 63A MCB FP C Curve (White),HAVELLS BCP
,B07BH43TX8,Havells DHMGCTPF006 PVC Plastic 6A MCB TP C Curve (White),HAVELLS BCP
,B07BH42389,Havells DHMGCDPF025 PVC Plastic 25A MCB DP C Curve (White),HAVELLS BCP
,B07BGYM21B,"Lloyd 7.2 kg Semi-Automatic Top Loading Washing Machine (LWMS72LT, White and Opaque Red)",LLOYD WASHING MACHINE
,B07B2C76KS,Havells Life Line Plus S3 2.5 sq mm PVC HRFR Cable (Yellow),HAVELLS WIRE
,B079K3JTKT,Havells UV Plus 8-litres UF Water Purifier (White/Sky Blue),WATER PURIFIERS
,B078J7HN82,Havells Instanio 1-Litre Instant Geyser (White/Mustard),HAVELLS WATER HEATER
,B078BDG62J,"Havells LHLDERUEML8X007PACKOF6 New Adore Base B22 7-Watt LED Bulb (Pack of 6, Coolday Light)",CONSUMER LIGHTING
,B078BDG62H,"Havells LHLDERUEMD8X005PACKOF2 New Adore Base B22 5-Watt LED Bulb (Pack of 2, Warm White)",CONSUMER LIGHTING
,B078BBZR31,"Havells LHLDERUEML8X007PACKOF3 New Adore Base B22 7-Watt LED Bulb (Pack of 3, Coolday Light)",CONSUMER LIGHTING
,B0788DH6HZ,Havells BrightFill LED Filament A45 Base E14 2-Watt Bulb (White),CONSUMER LIGHTING
,B077VQ3SZG,Havells Gracia 750-Watt Mixer Grinder with 3 Jars (Grey),HAVELLS SDA
,B077TVMSCT,Havells Lumina 3.2-Watt Rechargeable Lantern (Yellow),CONSUMER LIGHTING
,B077TRSSPZ,Havells Moderna 4.5-Watt Rechargeable Table Lamp (White),CONSUMER LIGHTING
,B077BQGJXV,Havells Pine 3B Leganza 1200mm Ceiling Fan (Wengewood with Champagne Accents),HAVELLS FAN
,B075H4SBV7,"Havells Puro Plus 5S 10-Litre Storage Heater with Flexi Pipe, Safe Shock Plug (White)",HAVELLS WATER HEATER
,B074MNLD6K,Havells E-Cook 1.8-Litre Rice Cooker (White),HAVELLS SDA
,B073S6BK65,Havells Swing ZX 400mm Table Fan (Light Grey),HAVELLS FAN
,B073S65PP4,Havells Urbane 1320mm Fan (Brushed Nickle),HAVELLS FAN
,B06XG2DLKZ,Havells Qite Elegant 1200mm Ceiling Fan (White Dusk),HAVELLS FAN
,B06XG16YK7,Havells Ringo 1200mm Ceiling Fan (Champagne Henna),HAVELLS FAN
,B06XFZ6MGL,"Havells Spark HS 1200mm Ceiling Fan (Brown, Pack of 2)",HAVELLS FAN
,B01N6Z5QRE,Havells Freddo i 70-Litre Cooler (Grey/White),HAVELLS AIR COOLER
,B01M8LDIOG,Havells Vento Jet-10 Auto 100mm Exhaust Fan (Off White),HAVELLS FAN
,B01M6ZVIZY,Havells Vento Jet-15 150mm Ventilating Fan (White),HAVELLS FAN
,B01LS0IRFK,"Havells Instanio 3 Litre, 3 KW Instant Water Heater (White Mustard)",HAVELLS WATER HEATER
,B01E8HM9TK,Havells AP-43 55-Watt Air Purifier (White/Grey),HAVELLS AIR PURIFIER
,B0152VTQD8,Havells Monza EC 5S 10-Litre Storage Water Heater with Flexi Pipe (white),HAVELLS WATER HEATER
,B00RTBRFKQ,Havells Insta Cook ET-X Induction Cooktop,HAVELLS SDA
,B00QKCJ350,Havells Adore Base GU10 5.5-Watt LED Candle (Cool White),CONSUMER LIGHTING
,B00PQCY16Q,Havells OFR - 13Fin 2900-Watt PTC Fan Heater (Black),HAVELLS SDA
,B00PFG3K8I,Havells Swanky 400mm Wall Fan,HAVELLS FAN
,B00PFD0RO6,Havells Leganza 1200mm Decorative Ceiling Fan (Mist Honey),HAVELLS FAN
,B00OR7V6R8,Havells Murano ACMKPXW065 6A 5 Pin Socket,CRABTREE EWA
,B00OFYFZZM,Havells Prolife Plus 4-Litre 1230-Watt Air Fryer (Black),HAVELLS SDA
,B00O2UVV1Q,Standard Stellar 1200 MM Ceiling Fan Pearl Brown Bronze Dt,STANDARD FAN
,B00NLBL0T0,Havells Standard Single Core PVC Insulated HTR FR 90m 1 sq mm Wire (Blue),STANDARD WIRE
,B00NLBKE0Q,Havells Lifeline Cable WHFFDNKA16X0 6 sq mm Wire (Black),HAVELLS WIRE
,B00NLBKAM8,Havells Lifeline Cable WHFFDNRA16X0 6 sq mm Wire (Red),HAVELLS WIRE
,B00NLBK63G,Havells Lifeline Cable WHFFDNKA14X0 4 sq mm Wire (Black),HAVELLS WIRE
,B00NLBJHFY,Havells Lifeline Cable WHFFDNA11X0 1 sq mm Wire (Yellow),HAVELLS WIRE
,B00K0C4IZ6,"Havells Crabtree Athena 20A Motor Starter Switch, White",CRABTREE EWA
,B00K0C4CK2,Havells Oro 20A Motor Starter Switch,HAVELLS EWA
,B00K0C4AJK,"Havells ORO 10/25 A Shuttered Socket for Home, Office, Hospital & Hotels",HAVELLS EWA
,B00JEAVQKA,Havells Spark HS 1200mm Ceiling Fan (White),HAVELLS FAN
,B00C0SSTGM,"Havells Puro 15-Litre 2000-Watt Storage Water Heater with Flexi Pipe, Safe Shock Plug (Ivory)",HAVELLS WATER HEATER
,B00B4BC80Y,Havells Ventilair 150mm Exhaust Fan with Electronic Shutter (White),HAVELLS FAN
,B00B4BBZAI,Havells SS-390 1200mm Ceiling Fan (Brown),HAVELLS FAN
,B00B4BBUQC,Havells Fusion 600mm Ceiling Fan (Silver and Blue),HAVELLS FAN
,B00B4BBT6I,Havells Fusion 1050mm Ceiling Fan (Pearl White and Silver),HAVELLS FAN
,B00B4BB6V6,Havells Cedar U/L 1320mm Ceiling Fan (Antique Brass),HAVELLS FAN
,B08JQDZDRY,"Lloyd Mats 1 Ton 3 Star Split AC (Copper, LS12B32EPB2, White)",LLOYD AIR CONDITIONE
,B08FRLLGJQ,"Lloyd 7.5 Kg Semi Automatic Top Load Washing Machine with Transparent Lids (LWMS75RA1, Red)",LLOYD WASHING MACHINE
,B08BVT5TLF,Havells Stealth Wood i 1250 mm Smart Ceiling Fan (Walnut),HAVELLS FAN
,B085J3FLFX,"Lloyd Mats 1.5 Ton 3 Star Window AC (Copper, LW19B32MR, White)",LLOYD AIR CONDITIONE
,B0839RVQD2,Havells Solar Off Grid PCU 3Kw 48V/3.75 Kva,SOLAR ROOF TOP
,B082T9GV4J,Havells Self Priming Hi-Flow JS-2 Monoblock Pump 0.37Kw/ 0.5HP,HAVELLS PUMP
,B082T9CC7G,Havells Centrifugal hi-Flow CMJ20 monoblock Pump 1.5kW/ 2.0HP,HAVELLS PUMP
,B082T821V3,Havells Centrifugal hi-Flow CMV20 monoblock Pump 1.1kW/ 1.5HP,HAVELLS PUMP
,B07NJG2S9X,Havells LHEBHDP5IZ1W018 Octane Round 18-Watt LED Panel Light (White),CONSUMER LIGHTING
,B07NJFWKMW,Havells LHEBMFP6IZ1W003 Blaze Panels Round 3-Watt LED Panel Light (White),CONSUMER LIGHTING
,B07NJFHFXY,Havells LHEEBPP5IN1W005 Lumeno Round 5-Watt Downlighter (White),CONSUMER LIGHTING
,B07NJDF7LW,Havells E-Lite Pride Plus Pc 20W Led Tube Light(White) - (Pack of 4),CONSUMER LIGHTING
,B07NJBTV38,Havells LHEBKJP7IZ1W003 Joy Round 3-Watt LED Panel Light (White),CONSUMER LIGHTING
,B07NJBTV27,Havells LHEBMFP5IZ1W012 Blaze Panels Round 12-Watt LED Panel Light (White),CONSUMER LIGHTING
,B07NJBTV1N,Havells LHEBHDP5IZ1W003 Octane Round 3-Watt LED Panel Light (White),CONSUMER LIGHTING
,B07NJBSD7T,Havells LHEAAWP7IL1W012 Comet Square 12-Watt LED Panel Light (White),CONSUMER LIGHTING
,B07NJBSCZT,Havells LHEAAVP5IL1W006 Comet Round 6-Watt LED Panel Light (White),CONSUMER LIGHTING
,B07NJBPQH4,Havells LHEBHEP6IZ1W006 Octane Square 6-Watt LED Panel Light (White),CONSUMER LIGHTING
,B07NJ9RN8Z,Havells LHEEBPP7IL1W008 Lumeno Round 8-Watt Downlighter (White),CONSUMER LIGHTING
,B07NJ9RN78,Havells LHEBHDP5IZ1W012 Octane Round 12-Watt LED Panel Light (White),CONSUMER LIGHTING
,B07NJ9RN73,Havells LHEBHEP7IZ1W024 Octane Square 24-Watt LED Panel Light (White),CONSUMER LIGHTING
,B07NJ9RGJ6,Havells LHEBKJP7PZ1W005 Joy Square 5-Watt LED Panel Light (White),CONSUMER LIGHTING
,B07NJ9RGHW,Havells LHEBKJP7IZ1W015 Joy Round 15-Watt LED Panel Light (White),CONSUMER LIGHTING
,B07NJ8KBHR,Havells LHEBKJP7PZ1W018 Joy Round 18-Watt LED Panel Light (White),CONSUMER LIGHTING
,B07NJ8J7PD,Havells LHEBMFP5IZ2W018 Blaze Panels Square 18-Watt LED Panel Light (White),CONSUMER LIGHTING
,B07NJ8HHSQ,Havells LHEBHDP6IZ1W012 Octane Round 12-Watt LED Panel Light (White),CONSUMER LIGHTING
,B07NJ8C8J3,Havells LHEBKJP6IZ1W015 Joy Round 15-Watt LED Panel Light (White),CONSUMER LIGHTING
,B07NJ7SS1N,Havells LHEBMFP5IZ1W015 Blaze Panels Round 15-Watt LED Panel Light (White),CONSUMER LIGHTING
,B07NJ7SS1C,Havells LHEBHDP6IZ1W003 Octane Round 3-Watt LED Panel Light (White),CONSUMER LIGHTING
,B07NJ6SXL5,Havells LHEBHEP7IZ1W009 Octane Square 9-Watt LED Panel Light (White),CONSUMER LIGHTING
,B07NJ6HTSK,Havells LHEBMFP7IZ1W015 Blaze Panels Round 15-Watt LED Panel Light (White),CONSUMER LIGHTING
,B07NJ6HTSJ,Havells LHEBMFP7IZ2W018 Blaze Panels Square 18-Watt LED Panel Light (White),CONSUMER LIGHTING
,B07NJ6HTRZ,Havells LHEBHDP5IZ1W006 Octane Round 6-Watt LED Panel Light (White),CONSUMER LIGHTING
,B07NJ67DX3,Havells LHEBMFP6IZ2W003 Blaze Panels Square 3-Watt LED Panel Light (White),CONSUMER LIGHTING
,B07NJ66RX4,Havells LHEBMFP6IZ1W015 Blaze Panels Round 15-Watt LED Panel Light (White),CONSUMER LIGHTING
,B07NJ65LF3,Havells LHEBMFP5IZ1W006 Blaze Panels Round 6-Watt LED Panel Light (White),CONSUMER LIGHTING
,B07NJ65LF1,Havells LHEBMFP5IZ2W012 Blaze Panels Square 12-Watt LED Panel Light (White),CONSUMER LIGHTING
,B07NJ63W8W,Havells LHEAAVP6IL1W006 Comet Round 6-Watt LED Panel Light (White),CONSUMER LIGHTING
,B07NJ63W7Q,Havells LHEBHEP7IZ1W012 Octane Square 12-Watt LED Panel Light (White),CONSUMER LIGHTING
,B07NJ626QT,Havells LHEEBPP7IN1W003 Lumeno Round 3-Watt Downlighter (White),CONSUMER LIGHTING
,B07NJ626QM,Havells LHEBKJP6IZ1W003 Joy Round 3-Watt LED Panel Light (White),CONSUMER LIGHTING
,B07NJ5Z32J,Havells LHEBKJP7OZ1W005 Joy Ringo Round 5-Watt LED Panel Light (White),CONSUMER LIGHTING
,B07NJ5Z321,Havells LHEBMFP5IZ1W003 Blaze Panels Round 3-Watt LED Panel Light (White),CONSUMER LIGHTING
,B07NJ5YC2J,Havells LHEAAVP7IL1W012 Comet Square 12-Watt LED Panel Light (White),CONSUMER LIGHTING
,B07NJ5YC1Z,Havells LHEBMFP6IZ1W018 Blaze Panels Round 18-Watt LED Panel Light (White),CONSUMER LIGHTING
,B07NJ5S91H,Havells LHEBMFP7IZ1W018 Blaze Panels Round 18-Watt LED Panel Light (White),CONSUMER LIGHTING
,B07NJ5RG59,Havells LHEBMFP5IZ2W006 Blaze Panels Square 6-Watt LED Panel Light (White),CONSUMER LIGHTING
,B07NJ5QLXQ,Havells LHEBMFP7IZ1W006 Blaze Panels Round 6-Watt LED Panel Light (White),CONSUMER LIGHTING
,B07NJ58HFM,Havells LHEBHEP5IZ1W024 Octane Square 24-Watt LED Panel Light (White),CONSUMER LIGHTING
,B07NJ562Y4,Havells LHEAAVP6IL1W012 Comet Round 12-Watt LED Panel Light (White),CONSUMER LIGHTING
,B07NJ3VGZ4,Havells LHEAAVP7IL1W018 Comet Round 18-Watt LED Panel Light (White),CONSUMER LIGHTING
,B07NJ3JSKQ,Havells LHEBKJP6PZ1W005 Joy Square 5-Watt LED Panel Light (White),CONSUMER LIGHTING
,B07NJ3JSKG,Havells LHEBKJP6IZ1W009 Joy Round 9-Watt LED Panel Light (White),CONSUMER LIGHTING
,B07MST8SYH,"Havells 10-Watt Non-Rechargeable LED Panel Light (White Bezel and Black Housing, Square)",CONSUMER LIGHTING
,B07MRX3ZT1,Havells GHCRCCCW070 1.8 Litre Electric Cooker (White),HAVELLS SDA
,B07MPCHNW9,Havells Crisp Plus 750-Watt Pop-up Toaster (Black),HAVELLS SDA
,B07MP6HCDY,Standard Amazer 1200mm Ceiling Fan (Expresso Brown),HAVELLS FAN
,B07MM2BZBG,"Havells 18-Watt Non-Rechargeable Trim Clip On LED Panel Light (White, 6500 K, Round)",CONSUMER LIGHTING
,B07ML44K18,"Havells Celia Desert Air Cooler - 70 Litres (White, Grey)",HAVELLS AIR COOLER
,B07MKY67SG,Standard Ameo 1200mm Ceiling Fan (Metallic Black),HAVELLS FAN
,B07MJGYS9Z,"Havells 6-Watt Non-Rechargeable Trim Clip On LED Panel Light (White, 6500 K, Round)",CONSUMER LIGHTING
,B07MHJ2Y5M,Havells GHCOTCEK170 1700-Watt OTG (Black),HAVELLS SDA
,B07MGL6RHV,Havells GHCOTCNK080 800-Watt OTG (Black),HAVELLS SDA
,B07MDX98XX,Havells GHCOTCDK150 1500-Watt OTG (Black),HAVELLS SDA
,B07MC8MS6P,"Havells 12-Watt Non-Rechargeable Trim Clip On LED Panel Light (White, 6500 K, Round)",CONSUMER LIGHTING
,B07M6F6BLF,Standard Electra 1200mm Ceiling Fan (Antique Brass),HAVELLS FAN
,B07H1T1RWR,havells momenta nv 750-watt mixer grinder blue 4 jar,HAVELLS SDA
,B07F2WSR9Q,Standard Aaria 1200mm Ceiling Fan (Champagne Dusk),HAVELLS FAN
,B07D7S69FR,(Renewed) Havells Era 1000-Watt Dry Iron (Grey/White),HAVELLS SDA
,B07D7NZLC3,(Renewed) Havells Platina 400mm Remote Wall Fan (White),HAVELLS FAN
,B07CRJ6DCQ,Havells Tango Plastic Wireless Digital Doorbell (White and Red),HAVELLS EWA
,B07CRBR6WV,Havells Tango Plastic Wireless Digital Doorbell (White and Orange),HAVELLS EWA
,B07BMZFQT6,Lloyd 1 Ton 3 Star Split AC (Copper LS13B20PC White),LLOYD AIR CONDITIONE
,B07BLNGMC7,Standard Refresh Air Dx 250mm Exhaust Fan (White),STANDARD FAN
,B07BH62B8Q,Havells Utility DB SPN DD QVE RG 12W Metal Double Door Distribution Board (Grey),HAVELLS BCP
,B07BH5QKF1,Havells Utility DB SPN SD QVE RG 12W Metal Single Door Distribution Board (Grey),HAVELLS BCP
,B07BH5JNK4,Havells Utility DB P/S 20A SPN Metal Plug and Socket Distribution Board (Grey),HAVELLS BCP
,B07BH5GFBF,Havells Utility DB P/S 20A DP Metal Plug and Socket Distribution Board (Grey),HAVELLS BCP
,B07BH52LRF,Havells Utility DB SPN DD QVE RG 8W Metal Single Door Distribution Board (Grey),HAVELLS BCP
,B07BH4X9J8,Havells DHMGCSNF063 PVC Plastic 63A MCB SPN C Curve (White),HAVELLS BCP
,B07BH4M5WC,Havells DHMGCTPF032 PVC Plastic 32A MCB TP C Curve (White),HAVELLS BCP
,B07BH4M5W4,Havells DHMGCDPF020 PVC Plastic 20A MCB DP C Curve (White),HAVELLS BCP
,B07BH4HN9G,Havells DHMGCTPF063 PVC Plastic 63A MCB TP C Curve (White),HAVELLS BCP
,B07BH4H2NN,Havells DHMGCFPF040 PVC Plastic 40A MCB FP C Curve (White),HAVELLS BCP
,B07BH4FR5W,Havells DHMGCDPF063 PVC Plastic 63A MCB DP C Curve (White),HAVELLS BCP
,B07BH4BP8T,Havells DHMGIFPX100 PVC Plastic 100A FP Switch Disconnector Euro 2 (White),HAVELLS BCP
,B07BH4BP8K,Havells DHMNCDPA016 PVC Plastic 16A DP C Mini MCB (White),HAVELLS BCP
,B07BH47TF6,Havells DHMNCDPA020 PVC Plastic 20A DP C Mini MCB (White),HAVELLS BCP
,B07BH468T4,Havells DHMGBSPF006 PVC Plastic 6A MCB SP B Curve (White),HAVELLS BCP
,B07BH468SY,Havells DHMGCSPF025 PVC Plastic 25A MCB SP C Curve (White),HAVELLS BCP
,B07BH45F5M,Havells DHMGIDPX100 PVC Plastic 100A DP Switch Disconnector Euro 2 (White),HAVELLS BCP
,B07BH445ZJ,Havells DHMGCTNF032 PVC Plastic 32A MCB TPN C Curve (White),HAVELLS BCP
,B07BH43TWD,Havells DHMNCDPA032 PVC Plastic 32A DP C Mini MCB (White),HAVELLS BCP
,B07BH41ZLH,Havells DHMGCTNF063 PVC Plastic 63A MCB TPN C Curve (White),HAVELLS BCP
,B07BH41ZKQ,Havells DHMGIFPX040 PVC Plastic 40A FP Switch Disconnector Euro 2 (White),HAVELLS BCP
,B07BH3Y5MK,Havells DHMGCDPF040 PVC Plastic 40A MCB DP C Curve (White),HAVELLS BCP
,B07BH3TPSZ,Havells DHMGCSPF020 PVC Plastic 20A MCB SP C Curve (White),HAVELLS BCP
,B07B918QG3,Havells Solazen 3.2-Watt Rechargeable Solar PIR Motion Sensor LED Light (Black),CONSUMER LIGHTING
,B07B918QG2,Havells Solazen 3.2-Watt Rechargeable Solar PIR Motion Sensor LED Light (Silver),CONSUMER LIGHTING
,B07B8YBNJQ,Havells Solazen 3.2-Watt Rechargeable Solar PIR Motion Sensor LED Light (Off-White),CONSUMER LIGHTING
,B07B2GWFV7,Havells Life Line Plus S3 1 sq mm PVC HRFR Cable (White),HAVELLS WIRE
,B07B2GMFWH,Havells Life Line Plus S3 2.5 sq mm PVC HRFR Cable (Red),HAVELLS WIRE
,B07B2DK2J7,Havells Life Line Plus S3 1.5 sq mm PVC HRFR Cable (Red),HAVELLS WIRE
,B07B2DCM3K,Havells Life Line Plus S3 4 sq mm PVC HRFR Cable (Black),HAVELLS WIRE
,B07B2DCM3F,Havells Life Line Plus S3 1.5 sq mm PVC HRFR Cable (Yellow),HAVELLS WIRE
,B07B2D5YQN,Havells Life Line Plus S3 1 sq mm PVC HRFR Cable (Blue),HAVELLS WIRE
,B07B2D15YX,Havells Life Line Plus S3 1 sq mm PVC HRFR Cable (Red),HAVELLS WIRE
,B07B2CJSBW,Havells Life Line Plus S3 2.5 sq mm PVC HRFR Cable (Blue),HAVELLS WIRE
,B07B2CF6B8,Havells Life Line Plus S3 1.5 sq mm PVC HRFR Cable (Blue),HAVELLS WIRE
,B07B2C7LP1,Havells Life Line Plus S3 1 sq mm PVC HRFR Cable (Yellow),HAVELLS WIRE
,B07B2C7BJQ,Havells Life Line Plus S3 1 sq mm PVC HRFR Cable (Black),HAVELLS WIRE
,B07B2BN3W6,Havells Life Line Plus S3 0.75 sq mm PVC HRFR Cable (Green),HAVELLS WIRE
,B079K54VVD,Havells Max 7-litres RO UV Water Purifier (Sea Green),WATER PURIFIERS
,B079K3BRJM,Havells Pro 8-litres RO UV Water Purifier (Blue),WATER PURIFIERS
,B078X67Y82,Standard Amazer 10-Litre Geyser (White/Blue),STANDARD WATERHEATER
,B078X656WK,Standard Lyft 3-Litre 3000-Watt Geyser (White),STANDARD WATERHEATER
,B078X5PPFL,Standard Ameo 15-Litre Geyser (White/Blue),STANDARD WATERHEATER
,B078JCKFK6,Havells Instanio 1-Litre Instant Geyser (White/Mustard),HAVELLS WATER HEATER
,B078BXTFCP,"Havells LHLDERUEML8X007PACKOF2 New Adore Base B22 7-Watt LED Bulb (Pack of 2, Coolday Light)",CONSUMER LIGHTING
,B078BXSNSV,Havells LHEBLDP6IN1W015 Trim 15-Watt LED Panel Light (White),CONSUMER LIGHTING
,B078BFMFPX,Havells LHEBLDP7IN1W015 Trim 15-Watt LED Panel Light (White),CONSUMER LIGHTING
,B078BDLCZT,"Havells Ranger 10 1-Watt Torch (Pack of 2, Black)",CONSUMER LIGHTING
,B078BDFVZR,Havells LHEBLDP7IN1W010 Trim 10-Watt LED Panel Light (White),CONSUMER LIGHTING
,B078BC2MFS,Havells LHEBLDP5IN1W010 Trim 10-Watt LED Panel Light (White),CONSUMER LIGHTING
,B0788DL6X6,Havells BrightFill LED Filament A60 Base B22 6-Watt Bulb (White),CONSUMER LIGHTING
,B0788BR8WJ,Havells BrightFill LED Filament A60 Base B22 4-Watt Bulb (White),CONSUMER LIGHTING
,B0788BNXFK,Havells Bright Fill LED Filament A60 Base B22 2-Watt Bulb (White),CONSUMER LIGHTING
,B0787P42GR,Havells Adore 0.5-Watt LED Plugin Night Light (Green),CONSUMER LIGHTING
,B0787KRD9L,Havells Adore 0.5-Watt LED Plugin Night Light (Orange),CONSUMER LIGHTING
,B07856VYFF,Havells Rigo Rigo Juicer 500-Watt Juicer (White),HAVELLS SDA
,B07856VYFD,Havells Toastino 4 Slice Grill & Bbq With Timer 2000-Watt Sandwich Toaster (Black),HAVELLS SDA
,B077TZ7ZR9,Havells LHLDERHEML8X005 New Adore Base E27 5-Watt LED Bulb (White),CONSUMER LIGHTING
,B077TT4P6Y,Havells LHLDERHEMD8X010 New Adore Base B22 10-Watt LED Bulb (White),CONSUMER LIGHTING
,B077TNG7MD,"Havells Adonia Storage R 25 Litre Water Heater with Flexi Pipe, Safe Shock Plug (White)",HAVELLS WATER HEATER
,B077BQHMMJ,Havells Pine 3B Leganza 1200mm Ceiling Fan (American Walnut with Pearl White),HAVELLS FAN
,B0774M6LT2,Havells Instanio 10 Litre with Flexi Pipe Storage Water Geyser (White & Mustard),HAVELLS WATER HEATER
,B076BD5MDV,Havells Royalstar ABS 4 +4 Surge and Spike Guard2 (Grey and Blue),HAVELLS EWA
,B0762KZHTJ,Lloyd 108 cm (43 Inches) Full HD LED TV L43FYK (Black),LLOYD TELEVISION
,B075H4SCW9,Havells Monza Slim SM HL 15-Litre Storage Heater (White),HAVELLS WATER HEATER
,B075H4SCVW,"Havells Senzo 5S 10-Litre Storage Heater with Flexi Pipe, Safe Shock Plug (White)",HAVELLS WATER HEATER
,B075H4SBWT,Havells Instanio 1-Litre Instant Heater (White),HAVELLS WATER HEATER
,B075H1GCH5,"Havells Senzo 5S 15-Litre Storage Heater with Flexi Pipe, Safe Shock Plug (White)",HAVELLS WATER HEATER
,B075GZN7R9,Havells Quatro 6 Litre Vertical Storage Water Heater (White Green),HAVELLS WATER HEATER
,B075GXGD9P,Havells Instanio 3000-Watt Instant Heaterï¿½ (White) - 1 Liter,HAVELLS WATER HEATER
,B075GWJT51,Havells Monza Slim SM HL 25-Litre Storage Heater (White),HAVELLS WATER HEATER
,B075GWJT4G,"Havells Senzo 5S 25-Litre Storage Heater with Flexi Pipe, Safe Shock Plug (White)",HAVELLS WATER HEATER
,B075GWJT46,"Havells Puro Turbo 15-Litre Storage Heater with Flexi Pipe, Safe Shock Plug (White)",HAVELLS WATER HEATER
,B075GWF8KZ,"Havells Puro Turbo 25-Litre Storage Heater with Flexi Pipe, Safe Shock Plug (White)",HAVELLS WATER HEATER
,B075GWB8ZS,Havells Adonia Manual 5S 25-Litre Storage Heater (White),HAVELLS WATER HEATER
,B075GRW2FD,Havells Monza Slim 25-Litre Storage Heater (White),HAVELLS WATER HEATER
,B074QQB299,Havells Opal EC 3-Litre Instant Heater (White),HAVELLS WATER HEATER
,B074MNSNHY,Havells Era 1000-Watt Dry Iron (Blue/White),HAVELLS SDA
,B074MNSNHS,Havells Super Mix NV 500-Watt Mixer Grinder (Orange),HAVELLS SDA
,B074MJ7HKG,Havells Magnum 1840-Watt Steam Iron (Pink),HAVELLS SDA
,B074DCW8KV,Havells Andria 1200 MM Ceiling Fan (Espresso Brown),HAVELLS FAN
,B073WTYDPB,Havells LHLDERUEMK9X003 New Adore Base B22 3-Watt LED Candle Bulb (White),CONSUMER LIGHTING
,B073S6GJM7,Havells Pacer 600mm Fan (Brown),HAVELLS FAN
,B073S65PNW,Havells Sagittal 1320mm Fan (Pearl White Copper),HAVELLS FAN
,B073S65NVP,Havells Turboforce 450mm Exhaust Fan (Grey),HAVELLS FAN
,B073S656CH,Havells Spartz 1200mm Fan (Pearl White Baby Blue),HAVELLS FAN
,B073S63GTG,Havells GIRIK 400 mm Pedestal Fan (Black),HAVELLS FAN
,B073S5BXCK,Havells Urbane 1320mm Fan (Black Nickel),HAVELLS FAN
,B073CZHQMS,Havells Big Fill 900-Watt 2 Slice Sandwich Maker (Black),HAVELLS SDA
,B0733BM66V,Havells Monza Slim 15-Litre Storage Heater (White),HAVELLS WATER HEATER
,B07214Y23V,Havells Admire 1320-Watt Steam Iron (Blue),HAVELLS SDA
,B071WPF5L6,Havells Admire 1320-Watt Steam Iron (Orange),HAVELLS SDA
,B06XGCKP77,"Havells Spark HS 1200mm Ceiling Fan (Ivory, Pack of 2)",HAVELLS FAN
,B06XG242YX,Standard Aspire 1200mm Ceiling Fan (Silver Pearl White),HAVELLS FAN
,B06XG217SW,Havells Glister 1200mm Ceiling Fan (Sapphire),HAVELLS FAN
,B06XBHQMMC,Havells White Color Freddo Aircooler,HAVELLS AIR COOLER
,B01MQ4NKZ4,Havells Esteam 1800-Watt Steam Iron (Blue),HAVELLS SDA
,B01MG1RPAN,Havells Vento Jet-10 Auto INOX 100mm Exhaust Fan (Brush Steel),HAVELLS FAN
,B01M30MMIZ,Havells Creazo 1800-Watt Garment Steam Iron (White),HAVELLS SDA
,B01LWR6F09,Havells LHLDEREEMK8X015 New Adore Base B22 15-Watt LED Bulb (White),CONSUMER LIGHTING
,B01LS0IRJG,Havells Instanio 3-Litre Instant Water Heater (White/Blue),HAVELLS WATER HEATER
,B01HXW39UU,Havells Citrus Press 30-Watt Juicer (Black),HAVELLS SDA
,B01FOPB3JM,Havells Enticer 48' - (Pearl White Chrome),HAVELLS FAN
,B0152VTDCC,"Havells Puro Plus 5S 25-Litre Storage Water Heater with Flexi Pipe, Safe Shock Plug (Ivory)",HAVELLS WATER HEATER
,B00RTBRKJW,Havells Insta Cook ST-X Induction Cooktop,HAVELLS SDA
,B00RGQ94DU,Havells Insta Cook PT 1600-Watt Induction Cooktop (Assorted Colors),HAVELLS SDA
,B00PQDO5W0,Havells GHRFHAGW200 2000-Watt Comforter,HAVELLS SDA
,B00PQDO1OW,Havells Opal 1-Litre Instant Water Heater (White),HAVELLS WATER HEATER
,B00PQCY5C6,Havells OFR - 9Fin 2400-Watt PTC Fan Heater (Black),HAVELLS SDA
,B00PQCXVQM,Havells OFR - 11Fin 2900-Watt PTC Fan Heater (Black),HAVELLS SDA
,B00PGR1DDA,Havells Hi-Flow S2 0.5 HP Centrifugal Pump (Grey),HAVELLS PUMP
,B00PFG3EL6,Havells XP-390 1200mm Ceiling Fan (Brown),HAVELLS FAN
,B00P8TYUAE,Havells ACMSEIW064 Murano Electronic Touch Switch,CRABTREE EWA
,B00P8TYBVM,Havells ACMIPIW060 Murano Indicator Lamp,CRABTREE EWA
,B00OR7UOTO,Havells Murano ACMSXIW101 10A One Way Switch with Indicator,CRABTREE EWA
,B00OR7UF8O,Havells Murano ACMSXXW101 10A One Way Switch,CRABTREE EWA
,B00OLRFCMY,Havells Quatro 6 Litre Vertical Storage Water Heater (Ivory Red),HAVELLS WATER HEATER
,B00O7ISXSM,Havells Prohygiene GHFMGAYW050 500-Watt Atta Maker (White/Grey),HAVELLS SDA
,B00O2UVSYG,Standard Stellar 1200 MM Ceiling Fan Pearl White,HAVELLS FAN
,B00O2UVK3A,Standard Rover Premium Deco 1200mm Ceiling Fan (Pearl Brown),HAVELLS FAN
,B00NLBKFFU,Havells Lifeline Cable WHFFDNGA16X0 6 sq mm Wire (Green),HAVELLS WIRE
,B00NLBK72G,Havells Lifeline Cable WHFFDNGA14X0 4 sq mm Wire (Green),HAVELLS WIRE
,B00NLBK56O,Havells Lifeline Cable WHFFDNBA14X0 4 sq mm Wire (Blue),HAVELLS WIRE
,B00NLBK48S,Havells Lifeline Cable WHFFDNYA14X0 4 sq mm Wire (Yellow),HAVELLS WIRE
,B00NLBK23U,Havells Lifeline Cable WHFFDNEA12X5 2.5 sq mm Wire (Grey),HAVELLS WIRE
,B00NLBJWY0,Havells Lifeline Cable WHFFDNBA12X5 2.5 sq mm Wire (Blue),HAVELLS WIRE
,B00NLBJTAM,Havells Lifeline Cable WHFFDNWA11X5 1.5 sq mm Wire (White),HAVELLS WIRE
,B00NLBJLYG,Havells Lifeline Cable WHFFDNWA11X0 1 sq mm Wire (White),HAVELLS WIRE
,B00NLBJ8YY,Havells Lifeline Cable WHFFDNRA1X75 0.75 sq mm Wire (Red),HAVELLS WIRE
,B00NBIJ590,Havells Oro Heritage 1000-Watt Dry Iron (Grey and White),HAVELLS SDA
,B00NBIJ004,Havells Magnum 1840-Watt Steam Iron (Pink),HAVELLS SDA
,B00NBIIQ0Y,Havells Toastio 750-Watt Sandwich Toaster (White),HAVELLS SDA
,B00K0C4K36,"Havells Crabtree Athena 4M Cover Plate, White",CRABTREE EWA
,B00K0C4JZU,"Havells Crabtree Athena 3M Cover Plate, White",CRABTREE EWA
,B00K0C4HRK,"Havells Crabtree Athena TV Socket, White",CRABTREE EWA
,B00K0C4HKM,Havells Crabtree Athena 10/25A Three Pin Combined Shutter Socket,CRABTREE EWA
,B00K0C4GMG,Havells Crabtree Athena 10A Mega Bell Push Indicator,CRABTREE EWA
,B00K0C4G8A,"Havells Crabtree Athena 10A One-Way Switch with Indicator, White",CRABTREE EWA
,B00K0C4FL8,Havells Crabtree Athena 10A One-Way Switch,CRABTREE EWA
,B00K0C4FG8,Havells Oro 6M Surface Box,HAVELLS EWA
,B00K0C4F6I,Havells Oro 3M Surface Box,HAVELLS EWA
,B00K0C4EQO,"Havells ORO 12 M Cover Plate for Home, Office, Hospital & Hotels",HAVELLS EWA
,B00K0C4DFQ,"Havells ORO 3 M Cover Plate for Home, Office, Hospital & Hotels",HAVELLS EWA
,B00K0C4DBU,"Havells ORO 2 M Cover Plate for Home, Office, Hospital & Hotels",HAVELLS EWA
,B00K0C4D4M,"Havells ORO 1 M Cover Plate for Home, Office, Hospital & Hotels",HAVELLS EWA
,B00K0C4A8G,"Havells ORO 6/16 A 3 Pin Shuttered Socket with ISI marking for Home, Office, Hospital & Hotels (AHOKPXW163)",HAVELLS EWA
,B00K0C48QA,"Havells ORO 10 AX 2Way Switch for Home, Office, Hospital & Hotels",HAVELLS EWA
,B00J5DYF5E,Havells Quatro 15 Litre Vertical Storage Water Heater (White Green),HAVELLS WATER HEATER
,B00J5DYE2S,Havells Quatro 25-Litre Storage Water Heater (White and Green),HAVELLS WATER HEATER
,B00J5DY856,Havells Platina 400mm Remote Wall Fan (White),HAVELLS FAN
,B00J5DY6VW,Havells ES 50 Five Star 1200mm Energy Saving Ceiling Fan (Ivory),HAVELLS FAN
,B00J5DY626,Havells Festiva 1200mm Decorative Ceiling Fan (Pearl Ivory),HAVELLS FAN
,B00J5DY5L8,Havells Festiva 1200mm Decorative Ceiling Fan (Lavender Mist),HAVELLS FAN
,B00J5DY1BC,Havells Veneto 1320mm Premium Underlight Ceiling Fan (Silver),HAVELLS FAN
,B00BYRIY1K,Havells Endura GHFJMAIW050 500-Watt Juicer Mixer Grinder with 2 Jars (Beige),HAVELLS SDA
,B00B4BC8FO,Havells Ventilair 100mm Exhaust Fan with Window (White),HAVELLS FAN
,B00B4BC89K,Havells Ventilair 150mm Exhaust Fan (Neo) (Neo),HAVELLS FAN
,B00B4BC7SC,Havells Velocity Neo 400mm 55-Watt Table Fan (White),HAVELLS FAN
,B00B4BC3RM,Havells Swing Gyro 400mm Cabin Fan (White),HAVELLS FAN
,B00B4BC1T2,Havells Velocity 1400mm Ceiling Fan (Angel Ivory),HAVELLS FAN
,B00B4BC0H0,Havells Velocity 600mm Ceiling Fan (Brown),HAVELLS FAN
,B00B4BBZZ8,Havells SS-390 1050mm 68-Watt Ceiling Fan (White),HAVELLS FAN
,B00B4BBU0S,Havells Fusion 1050mm Ceiling Fan (Pearl White),HAVELLS FAN
,B00B4BBSSC,Havells Fusion 600mm Ceiling Fan (Pearl White and Silver),HAVELLS FAN
,B00B4BBOTU,Havells Fusion Five Star 1200mm Ceiling Fan (Brown and Beige),HAVELLS FAN
,B00B4BBKL2,Havells Pentaforce 1320mm Ceiling Fan (Pearl Ivory),HAVELLS FAN
,B00B4BBIKA,Havells Pacer 900mm 72-Watt Ceiling Fan (Ivory),HAVELLS FAN
,B00B4BBIDW,Havells Pacer 1400mm Ceiling Fan (Brown),HAVELLS FAN
,B00B4BB9YU,Havells Festiva 1200mm Ceiling Fan (Pearl Copper),HAVELLS FAN
,B00B4BB896,Havells Fabio 1200mm Platinum Finish 72-Watt Ceiling Fan (Antique Copper),HAVELLS FAN
,B00B4BB82S,Havells Fabio 1200mm Platinum Finish 72-Watt Ceiling Fan (Antique Brass),HAVELLS FAN
,B00B4BB5W6,Havells Aureus 1320mm Ceiling Fan with Remote (Chrome Finish),HAVELLS FAN
,B00AXYJXJ2,Havells Toastino Stainless Steel Multigrill Sandwich Maker (Black),HAVELLS SDA
,B008UPYGZW,Havells 24R SS 1500-Watt Stainless Steel Oven Toaster Grill,HAVELLS SDA
,B008UPYEMM,Havells Marathon 750-Watt Mixer Grinder (White),HAVELLS SDA
,B008UPY508,Havells Oro 1000-Watt Dry Iron (Violet),HAVELLS SDA
,B008UPY490,Havells Oro 1000-Watt Dry Iron (Grey),HAVELLS SDA
,B08V888XZL,,HAVELLS SDA
,B08V8FN59W,,HAVELLS SDA
,B08V8L1T1J,,HAVELLS SDA
,B08C5K38J5,,HAVELLS SDA
,B08JQDZDRY,,HAVELLS SDA
,B08JQBMR7D,,HAVELLS SDA
,B08V8VQKB4,,HAVELLS SDA
,B08V89G93M,,HAVELLS SDA
,B08V8J5N7P,,HAVELLS SDA
,B08V95RSWX,,HAVELLS SDA
,B08V85PTR6,,HAVELLS SDA
,B08V8YJFFJ,,HAVELLS SDA
,B08R2QV6FY,,HAVELLS SDA
,B08V8PPGVJ,,HAVELLS SDA
,B08V8W2SC2,,HAVELLS SDA
,B08V8NKPM6,,HAVELLS SDA
,B08LNRP5DF,,HAVELLS SDA
,B08JQJ7WDL,,HAVELLS SDA
,B07Z93ZRVP,,HAVELLS SDA
,B085TLFX3F,,HAVELLS SDA
,B07GVLMRBT,,HAVELLS SDA
,B0872HNF94,,HAVELLS SDA
,B07GPMS9RK,,HAVELLS SDA
,B0872G7DT4,,HAVELLS SDA
,B08P1HPVBX,,HAVELLS SDA
,B0872G15Y4,,HAVELLS SDA
,B07V2NQV9S,,HAVELLS SDA
,B07WBZ2BTM,,HAVELLS SDA
,B07Y44RW4V,,HAVELLS SDA
,B07YVBSTLQ,,HAVELLS SDA
,B07JZX6SX8,,HAVELLS SDA
,B075MCNG5N,,HAVELLS SDA
,B008UPYB98,,HAVELLS SDA
,B008UPY6J8,,HAVELLS SDA
,B07VC8V5VR,,HAVELLS SDA
,B08KTWRJLM,,HAVELLS SDA
,B0872G7TMN,,HAVELLS SDA
,B072F4BKDG,,HAVELLS SDA
,B07HP3T69M,,HAVELLS SDA
,B08L894CGX,,HAVELLS SDA
,B08B3QZ37X,,HAVELLS SDA
,B00A7PFE36,,HAVELLS SDA
,B085WPPYSR,,HAVELLS SDA
,B0791G8BQP,,HAVELLS SDA
,B07THB6XX4,,HAVELLS SDA
,B01N5VH24R,,HAVELLS SDA
,B08C2H72T2,,HAVELLS SDA
,B07VGQTBZK,,HAVELLS SDA
,B08CSRWBDD,,HAVELLS SDA
,B08V552CNC,,HAVELLS SDA
,B081CYHYQV,,HAVELLS SDA
,B07Y2C5X97,,HAVELLS SDA
,B07LDNZHZT,,HAVELLS SDA
,B07S1GG391,,HAVELLS SDA
,B08KXSLX1C,,HAVELLS SDA
,B0862BZY9F,,HAVELLS SDA
,B0872FZ98F,,HAVELLS SDA
,B08FZRKD2M,,HAVELLS SDA
,B07ZQ3V2VJ,,HAVELLS SDA
,B07FL7JJP8,,HAVELLS SDA
,B08BVLRH6F,,HAVELLS SDA
,B08KXS4HDS,,HAVELLS SDA
,B07VLNLNZ1,,HAVELLS SDA
,B083S7YDBQ,,HAVELLS SDA
,B08DYH9ZZW,,HAVELLS SDA
,B07TM4WC3X,,HAVELLS SDA
,B08PSX9DXY,,HAVELLS SDA
,B01N9HUR8T,,HAVELLS SDA
,B0899DQY8H,,HAVELLS SDA
,B08WWKHR5T,,HAVELLS SDA
,B08KXTH9JC,,HAVELLS SDA
,B082FSBDRC,,HAVELLS SDA
,B08WX6S5KF,,HAVELLS SDA
,B08DNW8W9B,,HAVELLS SDA
,B08KXQY3LF,,HAVELLS SDA
,B0872GH18R,,HAVELLS SDA
,B08PZ4NPTY,,HAVELLS SDA
,B08HKL4139,,HAVELLS SDA
,B07FMV7XCN,,HAVELLS SDA
,B08KXQRQHR,,HAVELLS SDA
,B08ZJ3WWHY,,HAVELLS SDA
,B089DMTLPL,,HAVELLS SDA
,B00NBVDOIU,,HAVELLS SDA
,B0727XFJHS,,HAVELLS SDA
,B072BJPMNW,,HAVELLS SDA
,B08R3D43TJ,,HAVELLS SDA
,B07VVP7YRV,,HAVELLS SDA
,B08BVLRG6G,,HAVELLS SDA
,B08KXSMMC3,,HAVELLS SDA
,B07SJ45HPD,,HAVELLS SDA
,B07V6LMNVJ,,HAVELLS SDA
,B0791FRRZK,,HAVELLS SDA
,B008UPY95E,,HAVELLS SDA
,B07732HBZX,,HAVELLS SDA
,B07W5ZLP5V,,HAVELLS SDA
,B07L91LRCJ,,HAVELLS SDA
,B07KWBR2LV,,HAVELLS SDA
,B07YCV9B2X,,HAVELLS SDA
,B07TT9VHWM,,HAVELLS SDA
,B071RTRGL2,,HAVELLS SDA
,B00BYRIOVK,,HAVELLS SDA
,B00ITHSXRI,,HAVELLS SDA
,B076NT94D8,,HAVELLS SDA
,B08RP2LHRC,,HAVELLS SDA
,B00NBIIQ0Y,,HAVELLS SDA
,B00NBIIV9A,,HAVELLS SDA
,B00RTBQWOG,,HAVELLS SDA
,B01K7OIAV4,,HAVELLS SDA
,B074QQJQS2,,HAVELLS SDA
,B08DNWNBC8,,HAVELLS SDA
,B08DP2W6YL,,HAVELLS SDA
,B08WJG6SR4,,HAVELLS SDA
,B01N33BLDT,,HAVELLS SDA
,B071WRNFRY,,HAVELLS SDA
,B07C6CSF6K,,HAVELLS SDA
,B07W3HJDRH,,HAVELLS SDA
,B07G2L4W9G,,HAVELLS SDA
,B08519FDLH,,HAVELLS SDA
,B07GB9RH74,,HAVELLS SDA
,B07PPLD2G2,,HAVELLS SDA
,B07GVYC114,,HAVELLS SDA
,B08CY3N165,,HAVELLS SDA
,B075FT4XWG,,HAVELLS SDA
,B08518WFFZ,,HAVELLS SDA
,B07ZD6NKZZ,,HAVELLS SDA
,B089MLVZZC,,HAVELLS SDA
,B01N7RXANB,,HAVELLS SDA
,B07FTWS7QZ,,HAVELLS SDA
,B08QPDQ1DP,,HAVELLS SDA
,B071V9FFYP,,HAVELLS SDA
,B079QJW5CW,,HAVELLS SDA
,B07GVXZVCV,,HAVELLS SDA
,B07PQ7BCW4,,HAVELLS SDA
,B07MTYQF4B,,HAVELLS SDA
,B08PZN5VHV,,HAVELLS SDA
,B07XH7H39Q,,HAVELLS SDA
,B07SRGB1QL,,HAVELLS SDA
,B07FTP69NZ,,HAVELLS SDA
,B076BX7P71,,HAVELLS SDA
,B08PZTBGGW,,HAVELLS SDA
,B08S4Y316C,,HAVELLS SDA
,B07G2SL1QB,,HAVELLS SDA
,B08519DJHT,,HAVELLS SDA
,B08PZPJW59,,HAVELLS SDA
,B01N7RUZ2F,,HAVELLS SDA
,B07PMH4K29,,HAVELLS SDA
,B08PZPDR8Z,,HAVELLS SDA
,B08GZZJ57C,,HAVELLS SDA
,B01MZ9JP4Z,,HAVELLS SDA
,B07FTP9TZG,,HAVELLS SDA
,B07Z5ZK5YJ,,HAVELLS SDA
,B07Y6HYTVY,,HAVELLS SDA
,B08CY22QWN,,HAVELLS SDA
,B07PZ7Q4D4,,HAVELLS SDA
,B07XWX4W1T,,HAVELLS SDA
,B081YMG25T,,HAVELLS SDA
,B07XMBZYYJ,,HAVELLS SDA
,B08PZN915T,,HAVELLS SDA
,B07J4S7N56,,HAVELLS SDA
,B075FT94NV,,HAVELLS SDA
,B07LCKYCY4,,HAVELLS SDA
,B081LH986G,,HAVELLS SDA
,B07MTY9W8Q,,HAVELLS SDA
,B07Z624DTT,,HAVELLS SDA
,B01N6QIHPB,,HAVELLS SDA
,B07W4FC2JC,,HAVELLS SDA
,B07Z41JT3V,,HAVELLS SDA
,B07J63PJTX,,HAVELLS SDA
,B089MJRF54,,HAVELLS SDA
,B08GKRTKDG,,HAVELLS SDA
,B01N7RT7R3,,HAVELLS SDA
,B01N4NSEL4,,HAVELLS SDA
,B07SP4PKXX,,HAVELLS SDA
,B08GJWTNVD,,HAVELLS SDA
,B07B6PT6HN,,HAVELLS SDA
,7,,
